,sex,age,address,famsize,Pstatus,Medu,Fedu,Mjob,Fjob,traveltime,studytime,paid,activities,nursery,higher,internet,romantic,famrel,freetime,goout,Dalc,Walc,health,absences,G1,G2,G3,Aalc
0,F,18,U,GT3,A,4,4,at_home,teacher,2,2,False,False,True,True,False,False,4,3,4,1,1,3,6,5,6,6,1.0
1,F,17,U,GT3,T,1,1,at_home,other,1,2,False,False,False,True,True,False,5,3,3,1,1,3,4,5,5,6,1.0
2,F,15,U,LE3,T,1,1,at_home,other,1,2,True,False,True,True,True,False,4,3,2,2,3,3,10,7,8,10,2.2857142857142856
3,F,15,U,GT3,T,4,2,health,services,1,3,True,True,True,True,True,True,3,2,2,1,1,5,2,15,14,15,1.0
4,F,16,U,GT3,T,3,3,other,other,1,2,True,False,True,True,False,False,4,3,2,1,2,5,4,6,10,10,1.2857142857142858
5,M,16,U,LE3,T,4,3,services,other,1,2,True,True,True,True,True,False,5,4,2,1,2,5,10,15,15,15,1.2857142857142858
6,M,16,U,LE3,T,2,2,other,other,1,2,False,False,True,True,True,False,4,4,4,1,1,3,0,12,12,11,1.0
7,F,17,U,GT3,A,4,4,other,teacher,2,2,False,False,True,True,False,False,4,1,4,1,1,1,6,6,5,6,1.0
8,M,15,U,LE3,A,3,2,services,other,1,2,True,False,True,True,True,False,4,2,2,1,1,1,0,16,18,19,1.0
9,M,15,U,GT3,T,3,4,other,other,1,2,True,True,True,True,True,False,5,5,1,1,1,5,0,14,15,15,1.0
10,F,15,U,GT3,T,4,4,teacher,health,1,2,True,False,True,True,True,False,3,3,3,1,2,2,0,10,8,9,1.2857142857142858
11,F,15,U,GT3,T,2,1,services,other,3,3,False,True,True,True,True,False,5,2,2,1,1,4,4,10,12,12,1.0
12,M,15,U,LE3,T,4,4,health,services,1,1,True,True,True,True,True,False,4,3,3,1,3,5,2,14,14,14,1.5714285714285714
13,M,15,U,GT3,T,4,3,teacher,other,2,2,True,False,True,True,True,False,5,4,3,1,2,3,2,10,10,11,1.2857142857142858
14,M,15,U,GT3,A,2,2,other,other,1,3,False,False,True,True,True,True,4,5,2,1,1,3,0,14,16,16,1.0
15,F,16,U,GT3,T,4,4,health,other,1,1,False,False,True,True,True,False,4,4,4,1,2,2,4,14,14,14,1.2857142857142858
16,F,16,U,GT3,T,4,4,services,services,1,3,True,True,True,True,True,False,3,2,3,1,2,2,6,13,14,14,1.2857142857142858
17,F,16,U,GT3,T,3,3,other,other,3,2,False,True,True,True,False,False,5,3,2,1,1,4,4,8,10,10,1.0
18,M,17,U,GT3,T,3,2,services,services,1,1,False,True,True,True,True,False,5,5,5,2,4,5,16,6,5,5,2.5714285714285716
19,M,16,U,LE3,T,4,3,health,other,1,1,True,True,True,True,True,False,3,1,3,1,3,5,4,8,10,10,1.5714285714285714
20,M,15,U,GT3,T,4,3,teacher,other,1,2,False,False,True,True,True,False,4,4,1,1,1,1,0,13,14,15,1.0
21,M,15,U,GT3,T,4,4,health,health,1,1,True,False,True,True,True,False,5,4,2,1,1,5,0,12,15,15,1.0
22,M,16,U,LE3,T,4,2,teacher,other,1,2,False,True,True,True,True,False,4,5,1,1,3,5,2,15,15,16,1.5714285714285714
23,M,16,U,LE3,T,2,2,other,other,2,2,False,True,True,True,True,False,5,4,4,2,4,5,0,13,13,12,2.5714285714285716
24,F,15,R,GT3,T,2,4,services,health,1,3,True,True,True,True,True,False,4,3,2,1,1,5,2,10,9,8,1.0
25,F,16,U,GT3,T,2,2,services,services,1,1,True,False,False,True,True,False,1,2,2,1,3,5,14,6,9,8,1.5714285714285714
26,M,15,U,GT3,T,2,2,other,other,1,1,True,False,True,True,True,False,4,2,2,1,2,5,2,12,12,11,1.2857142857142858
27,M,15,U,GT3,T,4,2,health,services,1,1,True,False,True,True,True,False,2,2,4,2,4,1,4,15,16,15,2.5714285714285716
28,M,16,U,LE3,A,3,4,services,other,1,2,False,True,True,True,True,False,5,3,3,1,1,5,4,11,11,11,1.0
29,M,16,U,GT3,T,4,4,teacher,teacher,1,2,True,True,True,True,True,True,4,4,5,5,5,5,16,10,12,11,5.0
30,M,15,U,GT3,T,4,4,health,services,1,2,True,False,False,True,True,False,5,4,2,3,4,5,0,9,11,12,3.2857142857142856
31,M,15,U,GT3,T,4,4,services,services,2,2,False,True,True,True,True,False,4,3,1,1,1,5,0,17,16,17,1.0
32,M,15,R,GT3,T,4,3,teacher,at_home,1,2,False,True,True,True,True,True,4,5,2,1,1,5,0,17,16,16,1.0
33,M,15,U,LE3,T,3,3,other,other,1,2,False,True,False,True,True,False,5,3,2,1,1,2,0,8,10,12,1.0
34,M,16,U,GT3,T,3,2,other,other,1,1,True,False,False,True,True,False,5,4,3,1,1,5,0,12,14,15,1.0
35,F,15,U,GT3,T,2,3,other,other,2,1,False,True,True,True,False,False,3,5,1,1,1,5,0,8,7,6,1.0
36,M,15,U,LE3,T,4,3,teacher,services,1,3,False,True,True,True,True,False,5,4,3,1,1,4,2,15,16,18,1.0
37,M,16,R,GT3,A,4,4,other,teacher,2,3,False,True,True,True,True,True,2,4,3,1,1,5,7,15,16,15,1.0
38,F,15,R,GT3,T,3,4,services,health,1,3,True,True,True,True,True,False,4,3,2,1,1,5,2,12,12,11,1.0
39,F,15,R,GT3,T,2,2,at_home,other,1,1,True,True,True,True,False,False,4,3,1,1,1,2,8,14,13,13,1.0
40,F,16,U,LE3,T,2,2,other,other,2,2,False,True,False,True,True,True,3,3,3,1,2,3,25,7,10,11,1.2857142857142858
41,M,15,U,LE3,T,4,4,teacher,other,1,1,False,False,False,True,True,True,5,4,3,2,4,5,8,12,12,12,2.5714285714285716
42,M,15,U,GT3,T,4,4,services,teacher,1,2,False,True,True,True,True,False,4,3,3,1,1,5,2,19,18,18,1.0
43,M,15,U,GT3,T,2,2,services,services,1,1,False,False,True,True,True,False,5,4,1,1,1,1,0,8,8,11,1.0
44,F,16,U,LE3,T,2,2,other,at_home,2,2,False,True,True,True,True,False,4,3,3,2,2,5,14,10,10,9,2.0
45,F,15,U,LE3,A,4,3,other,other,1,2,True,True,True,True,True,True,5,2,2,1,1,5,8,8,8,6,1.0
46,F,16,U,LE3,A,3,3,other,services,1,2,False,False,True,True,True,False,2,3,5,1,4,3,12,11,12,11,1.8571428571428572
47,M,16,U,GT3,T,4,3,health,services,1,4,False,True,True,True,True,False,4,2,2,1,1,2,4,19,19,20,1.0
48,M,15,U,GT3,T,4,2,teacher,other,1,2,True,False,True,True,False,False,4,3,3,2,2,5,2,15,15,14,2.0
49,F,15,U,GT3,T,4,4,services,teacher,1,2,False,True,False,True,True,False,4,4,4,1,1,3,2,7,7,7,1.0
50,F,16,U,LE3,T,2,2,services,services,3,2,True,False,True,True,True,False,4,3,3,2,3,4,2,12,13,13,2.2857142857142856
51,F,15,U,LE3,T,4,2,health,other,1,2,True,False,True,True,True,False,4,3,3,1,1,5,2,11,13,13,1.0
52,M,15,U,LE3,A,4,2,health,health,2,1,False,False,True,True,False,False,5,5,5,3,4,5,6,11,11,10,3.2857142857142856
53,F,15,U,GT3,T,4,4,services,services,1,1,True,False,True,True,True,False,3,3,4,2,3,5,0,8,10,11,2.2857142857142856
54,F,15,U,LE3,A,3,3,other,other,1,1,True,False,True,True,True,False,5,3,4,4,4,1,6,10,13,13,4.0
55,F,16,U,GT3,A,2,1,other,other,1,2,True,True,True,True,True,True,5,3,4,1,1,2,8,8,9,10,1.0
56,F,15,U,GT3,A,4,3,services,services,1,2,True,True,True,True,True,False,4,3,2,1,1,1,0,14,15,15,1.0
57,M,15,U,GT3,T,4,4,teacher,health,1,2,False,True,True,True,False,False,3,2,2,1,1,5,4,14,15,15,1.0
58,M,15,U,LE3,T,1,2,other,at_home,1,2,False,True,True,True,True,False,4,3,2,1,1,5,2,9,10,9,1.0
59,F,16,U,GT3,T,4,2,services,other,1,2,False,False,True,True,True,False,4,2,3,1,1,5,2,15,16,16,1.0
60,F,16,R,GT3,T,4,4,health,teacher,1,2,False,True,True,True,False,False,2,4,4,2,3,4,6,10,11,11,2.2857142857142856
61,F,16,U,GT3,T,1,1,services,services,4,1,False,True,False,True,True,True,5,5,5,5,5,5,6,10,8,11,5.0
62,F,16,U,LE3,T,1,2,other,services,1,2,False,True,True,True,True,False,4,4,3,1,1,1,4,8,10,9,1.0
63,F,16,U,GT3,T,4,3,teacher,health,1,3,True,True,True,True,True,False,3,4,4,2,4,4,2,10,9,9,2.5714285714285716
64,F,15,U,LE3,T,4,3,services,services,1,2,False,True,True,True,True,True,4,4,4,2,4,2,0,10,10,10,2.5714285714285716
65,F,16,U,LE3,T,4,3,teacher,services,3,2,False,True,True,True,True,False,5,4,3,1,2,1,2,16,15,15,1.2857142857142858
66,M,15,U,GT3,A,4,4,other,services,1,4,False,True,False,True,True,True,1,3,3,5,5,3,4,13,13,12,5.0
67,F,16,U,GT3,T,3,1,services,other,1,4,True,False,True,True,True,False,4,3,3,1,2,5,4,7,7,6,1.2857142857142858
68,F,15,R,LE3,T,2,2,health,services,2,2,True,False,True,True,True,False,4,1,3,1,3,4,2,8,9,8,1.5714285714285714
69,F,15,R,LE3,T,3,1,other,other,2,4,False,False,False,True,True,False,4,4,2,2,3,3,12,16,16,16,2.2857142857142856
70,M,16,U,GT3,T,3,1,other,other,2,4,True,False,True,True,True,False,4,3,2,1,1,5,0,13,15,15,1.0
71,M,15,U,GT3,T,4,2,other,other,1,4,False,False,True,True,True,False,3,3,3,1,1,3,0,10,10,10,1.0
72,F,15,R,GT3,T,1,1,other,other,1,2,False,False,False,True,True,True,3,3,4,2,4,5,2,8,6,5,2.5714285714285716
73,M,16,U,GT3,T,3,1,other,other,1,1,False,True,True,True,False,False,5,3,2,2,2,5,2,12,12,14,2.0
74,F,16,U,GT3,T,3,3,other,services,1,2,True,True,True,True,True,False,4,3,3,2,4,5,54,11,12,11,2.5714285714285716
75,M,15,U,GT3,T,4,3,teacher,other,1,2,True,True,True,True,True,False,4,3,3,2,3,5,6,9,9,10,2.2857142857142856
76,M,15,U,GT3,T,4,0,teacher,other,2,4,False,True,True,True,True,False,3,4,3,1,1,1,8,11,11,10,1.0
77,F,16,U,GT3,T,2,2,other,other,1,4,True,False,True,True,True,True,5,2,3,1,3,3,0,11,11,11,1.5714285714285714
78,M,17,U,GT3,T,2,1,other,other,2,1,False,True,True,False,True,False,4,5,1,1,1,3,2,8,8,10,1.0
79,F,16,U,GT3,T,3,4,at_home,other,1,2,False,False,True,True,True,False,2,4,3,1,2,3,12,5,5,5,1.2857142857142858
80,M,15,U,GT3,T,2,3,other,services,1,1,True,True,False,True,True,True,3,2,2,1,3,3,2,10,12,12,1.5714285714285714
81,M,15,U,GT3,T,2,3,other,other,1,3,True,False,False,True,True,False,5,3,2,1,2,5,4,11,10,11,1.2857142857142858
82,F,15,U,LE3,T,3,2,services,other,1,2,True,False,True,True,True,False,4,4,4,1,1,5,10,7,6,6,1.0
83,M,15,U,LE3,T,2,2,services,services,2,2,True,True,True,True,True,False,5,3,3,1,3,4,4,15,15,15,1.5714285714285714
84,F,15,U,GT3,T,1,1,other,other,1,2,False,True,False,True,True,False,4,3,2,2,3,4,2,9,10,10,2.2857142857142856
85,F,15,U,GT3,T,4,4,services,services,2,2,True,False,True,True,True,True,4,4,4,2,3,5,6,7,9,8,2.2857142857142856
86,F,16,U,LE3,T,2,2,at_home,other,1,2,False,False,True,True,False,False,4,3,4,1,2,2,4,8,7,6,1.2857142857142858
87,F,15,U,GT3,T,4,2,other,other,1,3,False,True,True,True,True,False,5,3,3,1,3,1,4,13,14,14,1.5714285714285714
88,M,16,U,GT3,T,2,2,services,other,2,2,True,True,False,True,True,False,4,4,2,1,1,3,12,11,10,10,1.0
89,M,16,U,LE3,A,4,4,teacher,health,1,2,False,False,True,True,False,False,4,1,3,3,5,5,18,8,6,7,3.5714285714285716
90,F,16,U,GT3,T,3,3,other,other,1,3,True,False,True,True,True,True,4,3,3,1,3,4,0,7,7,8,1.5714285714285714
91,F,15,U,GT3,T,4,3,services,other,1,1,True,True,True,True,True,False,4,5,5,1,3,1,4,16,17,18,1.5714285714285714
92,F,16,U,LE3,T,3,1,other,other,1,2,False,False,True,True,False,False,3,3,3,2,3,2,4,7,6,6,2.2857142857142856
93,F,16,U,GT3,T,4,2,teacher,services,2,2,True,True,True,True,True,False,5,3,3,1,1,1,0,11,10,10,1.0
94,M,15,U,LE3,T,2,2,services,health,1,4,False,True,True,True,True,False,4,3,4,1,1,4,6,11,13,14,1.0
95,F,15,R,GT3,T,1,1,at_home,other,2,4,True,True,True,True,True,False,3,1,2,1,1,1,2,7,10,10,1.0
96,M,16,R,GT3,T,4,3,services,other,2,1,False,True,False,True,True,False,3,3,3,1,1,4,2,11,15,15,1.0
97,F,16,U,GT3,T,2,1,other,other,1,2,True,False,True,True,False,True,4,3,5,1,1,5,2,8,9,10,1.0
98,F,16,U,GT3,T,4,4,other,other,1,1,False,True,False,True,True,False,5,3,4,1,2,1,6,11,14,14,1.2857142857142858
99,F,16,U,GT3,T,4,3,other,at_home,1,3,True,False,True,True,True,False,5,3,5,1,1,3,0,7,9,8,1.0
100,M,16,U,GT3,T,4,4,services,services,1,1,True,True,True,True,True,False,4,5,5,5,5,4,14,7,7,5,5.0
101,M,16,U,GT3,T,4,4,services,teacher,1,3,False,True,True,True,True,True,4,4,3,1,1,4,0,16,17,17,1.0
102,M,15,U,GT3,T,4,4,services,other,1,1,False,True,False,True,True,False,5,3,3,1,1,5,4,10,13,14,1.0
103,F,15,U,GT3,T,3,2,services,other,2,2,True,False,True,True,True,False,4,3,5,1,1,2,26,7,6,6,1.0
104,M,15,U,GT3,A,3,4,services,other,1,2,True,True,True,True,True,False,5,4,4,1,1,1,0,16,18,18,1.0
105,F,15,U,GT3,A,3,3,other,health,1,4,False,False,True,True,False,False,4,3,3,1,1,4,10,10,11,11,1.0
106,F,15,U,GT3,T,2,2,other,other,1,4,True,False,True,True,True,False,5,1,2,1,1,3,8,7,8,8,1.0
107,M,16,U,GT3,T,3,3,services,other,1,3,False,True,True,True,True,False,5,3,3,1,1,5,2,16,18,18,1.0
108,M,15,R,GT3,T,4,4,other,other,4,4,True,True,True,True,True,True,1,3,5,3,5,1,6,10,13,13,3.5714285714285716
109,F,16,U,LE3,T,4,4,health,health,1,3,True,True,True,True,True,True,5,4,5,1,1,4,4,14,15,16,1.0
110,M,15,U,LE3,A,4,4,teacher,teacher,1,1,False,True,True,True,True,False,5,5,3,1,1,4,6,18,19,19,1.0
111,F,16,R,GT3,T,3,3,services,other,1,3,False,True,True,True,True,False,4,1,2,1,1,2,0,7,10,10,1.0
112,F,16,U,GT3,T,2,2,at_home,other,1,2,False,True,True,True,True,False,3,1,2,1,1,5,6,10,13,13,1.0
113,M,15,U,LE3,T,4,2,teacher,other,1,1,False,False,True,True,True,False,3,5,2,1,1,3,10,18,19,19,1.0
114,M,15,R,GT3,T,2,1,health,services,1,2,False,True,True,True,True,True,5,4,2,1,1,5,8,9,9,9,1.0
115,M,16,U,GT3,T,4,4,teacher,teacher,1,2,False,True,True,True,True,False,5,4,4,1,2,5,2,15,15,16,1.2857142857142858
116,M,15,U,GT3,T,4,4,other,teacher,2,2,False,True,True,True,False,False,4,4,3,1,1,2,2,11,13,14,1.0
117,M,16,U,GT3,T,3,3,other,services,2,1,False,True,True,True,True,False,5,4,2,1,1,5,0,13,14,13,1.0
118,M,17,R,GT3,T,1,3,other,other,3,2,False,True,True,True,True,False,5,2,4,1,4,5,20,9,7,8,1.8571428571428572
119,M,15,U,GT3,T,3,4,other,other,1,1,False,False,True,True,True,False,3,4,3,1,2,4,6,14,13,13,1.2857142857142858
120,F,15,U,GT3,T,1,2,at_home,services,1,2,False,False,False,True,True,False,3,2,3,1,2,1,2,16,15,15,1.2857142857142858
121,M,15,U,GT3,T,2,2,services,services,1,4,True,True,True,True,True,False,5,5,4,1,2,5,6,16,14,15,1.2857142857142858
122,F,16,U,LE3,T,2,4,other,health,2,2,True,True,True,True,True,True,4,2,2,1,2,5,2,13,13,13,1.2857142857142858
123,M,16,U,GT3,T,4,4,health,other,1,1,False,True,True,True,True,False,3,4,4,1,4,5,18,14,11,13,1.8571428571428572
124,F,16,U,GT3,T,2,2,other,other,1,2,True,False,True,True,True,True,5,4,4,1,1,5,0,8,7,8,1.0
125,M,15,U,GT3,T,3,4,services,services,1,1,False,False,True,True,True,False,5,5,5,3,2,5,0,13,13,12,2.7142857142857144
126,F,15,U,LE3,A,3,4,other,other,1,2,False,True,True,True,True,True,5,3,2,1,1,1,0,7,10,11,1.0
127,F,19,U,GT3,T,0,1,at_home,other,1,2,False,False,False,False,False,False,3,4,2,1,1,5,2,7,8,9,1.0
128,M,18,R,GT3,T,2,2,services,other,1,1,False,True,True,True,True,False,3,3,3,1,2,4,0,7,4,0,1.2857142857142858
129,M,16,R,GT3,T,4,4,teacher,teacher,1,1,True,True,True,True,True,False,3,5,5,2,5,4,8,18,18,18,2.857142857142857
130,F,15,R,GT3,T,3,4,services,teacher,2,3,False,False,True,True,True,True,4,2,2,2,2,5,0,12,0,0,2.0
131,F,15,U,GT3,T,1,1,at_home,other,3,1,False,True,False,True,True,True,4,3,3,1,2,4,0,8,0,0,1.2857142857142858
132,F,17,U,LE3,T,2,2,other,other,1,1,False,False,True,True,True,True,3,4,4,1,3,5,12,10,13,12,1.5714285714285714
133,F,16,U,GT3,A,3,4,services,other,1,1,False,False,True,True,True,False,3,2,1,1,4,5,16,12,11,11,1.8571428571428572
134,M,15,R,GT3,T,3,4,at_home,teacher,4,2,False,False,True,True,False,True,5,3,3,1,1,5,0,9,0,0,1.0
135,F,15,U,GT3,T,4,4,services,at_home,1,3,False,True,True,True,True,True,4,3,3,1,1,5,0,11,0,0,1.0
136,M,17,R,GT3,T,3,4,at_home,other,3,2,False,False,True,True,False,False,5,4,5,2,4,5,0,10,0,0,2.5714285714285716
137,F,16,U,GT3,A,3,3,other,other,2,1,False,True,False,True,True,True,4,3,2,1,1,5,0,4,0,0,1.0
138,M,16,U,LE3,T,1,1,services,other,1,2,False,False,True,True,False,True,4,4,4,1,3,5,0,14,12,12,1.5714285714285714
139,F,15,U,GT3,T,4,4,teacher,teacher,2,1,False,True,True,True,True,False,4,3,2,1,1,5,0,16,16,15,1.0
140,M,15,U,GT3,T,4,3,teacher,services,2,4,False,False,True,True,True,False,2,2,2,1,1,3,0,7,9,0,1.0
141,M,16,U,LE3,T,2,2,services,services,2,1,False,True,True,True,True,False,2,3,3,2,2,2,8,9,9,9,2.0
142,F,15,U,GT3,T,4,4,teacher,services,1,3,True,True,True,True,True,False,4,2,2,1,1,5,2,9,11,11,1.0
143,F,16,U,LE3,T,1,1,at_home,at_home,1,1,False,False,True,True,True,False,3,4,4,3,3,1,2,14,14,13,3.0
144,M,17,U,GT3,T,2,1,other,other,1,1,False,False,True,True,True,False,5,4,5,1,2,5,0,5,0,0,1.2857142857142858
145,F,15,U,GT3,T,1,1,other,services,1,2,True,False,True,True,True,False,4,4,2,1,2,5,0,8,11,11,1.2857142857142858
146,F,15,U,GT3,T,3,2,health,services,1,2,False,False,True,True,True,False,3,3,2,1,1,3,0,6,7,0,1.0
147,F,15,U,GT3,T,1,2,at_home,other,1,2,True,False,False,True,True,False,4,3,2,1,1,5,2,10,11,11,1.0
148,M,16,U,GT3,T,4,4,teacher,teacher,1,1,False,False,True,False,True,True,3,3,2,2,1,5,0,7,6,0,1.7142857142857142
149,M,15,U,LE3,A,2,1,services,other,4,1,False,False,True,True,True,False,4,5,5,2,5,5,0,8,9,10,2.857142857142857
150,M,18,U,LE3,T,1,1,other,other,1,1,False,False,True,False,True,True,2,3,5,2,5,4,0,6,5,0,2.857142857142857
151,M,16,U,LE3,T,2,1,at_home,other,1,1,False,True,True,True,False,True,4,4,4,3,5,5,6,12,13,14,3.5714285714285716
152,F,15,R,GT3,T,3,3,services,services,2,3,True,True,True,True,True,True,4,2,1,2,3,3,8,10,10,10,2.2857142857142856
153,M,19,U,GT3,T,3,2,services,at_home,1,1,False,False,True,False,True,True,4,5,4,1,1,4,0,5,0,0,1.0
154,F,17,U,GT3,T,4,4,other,teacher,1,1,False,False,True,True,False,True,4,2,1,1,1,4,0,11,11,12,1.0
155,M,15,R,GT3,T,2,3,at_home,services,1,2,True,True,True,True,False,False,4,4,4,1,1,1,2,11,8,8,1.0
156,M,17,R,LE3,T,1,2,other,other,1,1,False,False,True,True,False,False,2,2,2,3,3,5,8,16,12,13,3.0
157,F,18,R,GT3,T,1,1,at_home,other,3,1,False,True,False,True,False,False,5,2,5,1,5,4,6,9,8,10,2.142857142857143
158,M,16,R,GT3,T,2,2,at_home,other,3,1,False,False,False,True,False,False,4,2,2,1,2,3,2,17,15,15,1.2857142857142858
159,M,16,U,GT3,T,3,3,other,services,1,2,True,False,True,True,True,True,4,5,5,4,4,5,4,10,12,12,4.0
160,M,17,R,LE3,T,2,1,at_home,other,2,1,False,True,True,False,True,True,3,3,2,2,2,5,0,7,6,0,2.0
161,M,15,R,GT3,T,3,2,other,other,2,2,False,False,True,True,True,True,4,4,4,1,4,3,6,5,9,7,1.8571428571428572
162,M,16,U,LE3,T,1,2,other,other,2,1,False,True,True,True,False,False,4,4,4,2,4,5,0,7,0,0,2.5714285714285716
163,M,17,U,GT3,T,1,3,at_home,services,1,1,False,False,True,False,True,False,5,3,3,1,4,2,2,10,10,10,1.8571428571428572
164,M,17,R,LE3,T,1,1,other,services,4,2,False,True,True,False,False,True,5,3,5,1,5,5,0,5,8,7,2.142857142857143
165,M,16,U,GT3,T,3,2,services,services,2,1,False,True,False,False,False,False,4,5,2,1,1,2,16,12,11,12,1.0
166,M,16,U,GT3,T,2,2,other,other,1,2,False,False,True,False,True,False,4,3,5,2,4,4,4,10,10,10,2.5714285714285716
167,F,16,U,GT3,T,4,2,health,services,1,2,True,False,True,True,True,True,4,2,3,1,1,3,0,14,15,16,1.0
168,F,16,U,GT3,T,2,2,other,other,1,2,True,False,False,True,True,False,5,1,5,1,1,4,0,6,7,0,1.0
169,F,16,U,GT3,T,4,4,health,health,1,2,True,False,True,True,True,True,4,4,2,1,1,3,0,14,14,14,1.0
170,M,16,U,GT3,T,3,4,other,other,3,1,False,True,False,True,True,False,3,4,5,2,4,2,0,6,5,0,2.5714285714285716
171,M,16,U,GT3,T,1,0,other,other,2,2,True,True,True,True,True,True,4,3,2,1,1,3,2,13,15,16,1.0
172,M,17,U,LE3,T,4,4,teacher,other,1,2,True,True,True,True,True,False,4,4,4,1,3,5,0,13,11,10,1.5714285714285714
173,F,16,U,GT3,T,1,3,at_home,services,1,2,False,True,False,True,True,True,4,3,5,1,1,3,0,8,7,0,1.0
174,F,16,U,LE3,T,3,3,other,other,2,2,True,True,True,True,True,False,4,4,5,1,1,4,4,10,11,9,1.0
175,M,17,U,LE3,T,4,3,teacher,other,2,2,True,True,True,True,True,False,4,4,4,4,4,4,4,10,9,9,4.0
176,F,16,U,GT3,T,2,2,services,other,2,2,True,True,False,True,True,False,3,4,4,1,4,5,2,13,13,11,1.8571428571428572
177,M,17,U,GT3,T,3,3,other,other,1,2,False,True,False,True,True,False,4,3,4,1,4,4,4,6,5,6,1.8571428571428572
178,M,16,R,GT3,T,4,2,teacher,services,1,1,False,True,True,True,True,True,4,3,3,3,4,3,10,10,8,9,3.2857142857142856
179,M,17,U,GT3,T,4,3,other,other,1,2,False,True,True,True,True,True,5,2,3,1,1,2,4,10,10,11,1.0
180,M,16,U,GT3,T,4,3,teacher,other,1,2,True,True,True,True,True,False,3,4,3,2,3,3,10,9,8,8,2.2857142857142856
181,M,16,U,GT3,T,3,3,services,other,1,2,True,True,True,True,True,True,4,2,3,1,2,3,2,12,13,12,1.2857142857142858
182,F,17,U,GT3,T,2,4,services,services,1,2,False,True,True,True,False,False,5,4,2,2,3,5,0,16,17,17,2.2857142857142856
183,F,17,U,LE3,T,3,3,other,other,1,2,False,True,True,True,True,True,5,3,3,2,3,1,56,9,9,8,2.2857142857142856
184,F,16,U,GT3,T,3,2,other,other,1,2,True,False,True,True,True,False,1,2,2,1,2,1,14,12,13,12,1.2857142857142858
185,M,17,U,GT3,T,3,3,services,services,1,2,False,True,True,True,True,True,4,3,4,2,3,4,12,12,12,11,2.2857142857142856
186,M,16,U,GT3,T,1,2,services,services,1,1,True,True,True,True,True,True,3,3,3,1,2,3,2,11,12,11,1.2857142857142858
187,M,16,U,LE3,T,2,1,other,other,1,2,True,True,True,True,True,True,4,2,3,1,2,5,0,15,15,15,1.2857142857142858
188,F,17,U,GT3,A,3,3,health,other,1,2,False,False,False,True,True,True,3,3,3,1,3,3,6,8,7,9,1.5714285714285714
189,M,17,R,GT3,T,1,2,at_home,other,1,2,False,False,True,True,False,False,3,1,3,1,5,3,4,8,9,10,2.142857142857143
190,F,16,U,GT3,T,2,3,services,services,1,2,False,False,True,True,True,False,4,3,3,1,1,2,10,11,12,13,1.0
191,F,17,U,GT3,T,1,1,at_home,services,1,2,False,True,True,True,True,False,5,3,3,1,1,3,0,8,8,9,1.0
192,M,17,U,GT3,T,1,2,at_home,services,2,2,True,True,False,True,True,False,4,4,4,4,5,5,12,7,8,8,4.285714285714286
193,M,16,R,GT3,T,3,3,services,services,1,1,False,True,True,True,True,False,4,3,2,3,4,5,8,8,9,10,3.2857142857142856
194,M,16,U,GT3,T,2,3,other,other,2,1,False,False,True,True,True,False,5,3,3,1,1,3,0,13,14,14,1.0
195,F,17,U,LE3,T,2,4,services,services,1,2,False,True,True,True,True,True,4,3,2,1,1,5,0,14,15,15,1.0
196,M,17,U,GT3,T,4,4,services,teacher,1,1,False,False,True,True,True,False,5,2,3,1,2,5,4,17,15,16,1.2857142857142858
197,M,16,R,LE3,T,3,3,teacher,other,3,1,True,True,True,True,True,False,3,3,4,3,5,3,8,9,9,10,3.5714285714285716
198,F,17,U,GT3,T,4,4,services,teacher,2,1,False,False,True,True,True,False,4,2,4,2,3,2,24,18,18,18,2.2857142857142856
199,F,16,U,LE3,T,4,4,teacher,teacher,1,2,True,False,True,True,True,False,4,5,2,1,2,3,0,9,9,10,1.2857142857142858
200,F,16,U,GT3,T,4,3,health,other,1,2,False,True,True,True,True,False,4,3,5,1,5,2,2,16,16,16,2.142857142857143
201,F,16,U,GT3,T,2,3,other,other,1,2,True,True,True,True,False,False,4,4,3,1,3,4,6,8,10,10,1.5714285714285714
202,F,17,U,GT3,T,1,1,other,other,1,2,True,False,False,True,False,False,4,4,4,1,3,1,4,9,9,10,1.5714285714285714
203,F,17,R,GT3,T,2,2,other,other,1,1,False,False,True,True,True,False,5,3,2,1,2,3,18,7,6,6,1.2857142857142858
204,F,16,R,GT3,T,2,2,services,services,2,4,True,True,False,True,True,False,5,3,5,1,1,5,6,10,10,11,1.0
205,F,17,U,GT3,T,3,4,at_home,services,1,3,True,False,True,True,True,True,4,4,3,3,4,5,28,10,9,9,3.2857142857142856
206,F,16,U,GT3,A,3,1,services,other,1,2,True,False,True,True,True,False,2,3,3,2,2,4,5,7,7,7,2.0
207,F,16,U,GT3,T,4,3,teacher,other,1,2,True,True,True,True,True,True,1,3,2,1,1,1,10,11,12,13,1.0
208,F,16,U,GT3,T,1,1,at_home,other,2,1,True,False,True,True,False,False,4,3,2,1,4,5,6,9,9,10,1.8571428571428572
209,F,17,R,GT3,T,4,3,teacher,other,2,3,True,True,True,True,True,True,4,4,2,1,1,4,6,7,7,7,1.0
210,F,19,U,GT3,T,3,3,other,other,1,4,True,True,True,True,True,False,4,3,3,1,2,3,10,8,8,8,1.2857142857142858
211,M,17,U,LE3,T,4,4,services,other,1,2,True,False,True,True,True,True,5,3,5,4,5,3,13,12,12,13,4.285714285714286
212,F,16,U,GT3,A,2,2,other,other,1,2,True,False,True,True,True,False,3,3,4,1,1,4,0,12,13,14,1.0
213,M,18,U,GT3,T,2,2,services,other,1,2,True,True,True,True,True,False,4,4,4,2,4,5,15,6,7,8,2.5714285714285716
214,F,17,R,LE3,T,4,4,services,other,1,1,True,False,True,True,False,False,5,2,1,1,2,3,12,8,10,10,1.2857142857142858
215,F,17,U,LE3,T,3,2,other,other,2,2,True,False,True,True,True,False,4,4,4,1,3,1,2,14,15,15,1.5714285714285714
216,F,17,U,GT3,T,4,3,other,other,1,2,True,False,True,True,True,True,3,4,5,2,4,1,22,6,6,4,2.5714285714285716
217,M,18,U,LE3,T,3,3,services,health,1,2,True,False,True,True,True,False,3,2,4,2,4,4,13,6,6,8,2.5714285714285716
218,F,17,U,GT3,T,2,3,at_home,other,2,1,True,False,True,True,False,False,3,3,3,1,4,3,3,7,7,8,1.8571428571428572
219,F,17,U,GT3,T,2,2,at_home,at_home,1,3,True,True,True,True,True,False,4,3,3,1,1,4,4,9,10,10,1.0
220,F,17,R,GT3,T,2,1,at_home,services,2,2,False,True,True,True,True,False,4,2,5,1,2,5,2,6,6,6,1.2857142857142858
221,F,17,U,GT3,T,1,1,at_home,other,1,3,False,True,True,True,False,True,4,3,4,1,1,5,0,6,5,0,1.0
222,F,16,U,GT3,T,2,3,services,teacher,1,2,False,False,True,True,True,False,2,3,1,1,1,3,2,16,16,17,1.0
223,M,18,U,GT3,T,2,2,other,other,2,2,True,False,True,True,True,False,3,3,3,5,5,4,0,12,13,13,5.0
224,F,16,U,GT3,T,4,4,teacher,services,1,3,False,True,False,True,True,False,5,3,2,1,1,5,0,13,13,14,1.0
225,F,18,R,GT3,T,3,1,other,other,1,2,False,True,True,True,True,True,5,3,3,1,1,4,16,9,8,7,1.0
226,F,17,U,GT3,T,3,2,other,other,1,2,False,True,False,True,True,False,5,3,4,1,3,3,10,16,15,15,1.5714285714285714
227,M,17,U,LE3,T,2,3,services,services,1,2,True,False,False,True,True,False,5,3,3,1,3,3,2,12,11,12,1.5714285714285714
228,M,18,U,LE3,T,2,1,at_home,other,4,2,True,True,True,True,True,True,4,3,2,4,5,3,14,10,8,9,4.285714285714286
229,F,17,U,GT3,A,2,1,other,other,2,3,False,True,True,True,True,True,3,2,3,1,2,3,10,12,10,12,1.2857142857142858
230,F,17,U,LE3,T,4,3,health,other,1,2,False,True,True,True,True,True,3,2,3,1,2,3,14,13,13,14,1.2857142857142858
231,M,17,R,GT3,T,2,2,other,other,2,2,True,True,True,True,True,False,4,5,2,1,1,1,4,11,11,11,1.0
232,M,17,U,GT3,T,4,4,teacher,teacher,1,2,False,True,True,True,True,True,4,5,5,1,3,2,14,11,9,9,1.5714285714285714
233,M,16,U,GT3,T,4,4,health,other,1,2,True,True,True,True,True,False,4,2,4,2,4,1,2,14,13,13,2.5714285714285716
234,M,16,U,LE3,T,1,1,other,other,2,2,True,False,True,True,True,False,3,4,2,1,1,5,18,9,7,6,1.0
235,M,16,U,GT3,T,3,2,at_home,other,2,3,False,True,True,True,True,True,5,3,3,1,3,2,10,11,9,10,1.5714285714285714
236,M,17,U,LE3,T,2,2,other,other,1,2,True,True,False,True,True,True,4,4,2,5,5,4,4,14,13,13,5.0
237,F,16,U,GT3,T,2,1,other,other,1,1,False,False,True,True,True,True,4,5,2,1,1,5,20,13,12,12,1.0
238,F,17,R,GT3,T,2,1,at_home,services,3,2,False,True,True,True,False,False,2,1,1,1,1,3,2,13,11,11,1.0
239,M,18,U,GT3,T,2,2,other,services,1,2,False,False,True,False,True,False,5,5,4,3,5,2,0,7,7,0,3.5714285714285716
240,M,17,U,LE3,T,4,3,health,other,2,2,False,True,True,True,True,True,2,5,5,1,4,5,14,12,12,12,1.8571428571428572
241,M,17,R,LE3,A,4,4,teacher,other,2,2,True,False,True,True,True,False,3,3,3,2,3,4,2,10,11,12,2.2857142857142856
242,M,16,U,LE3,T,4,3,teacher,other,1,1,False,True,False,True,True,False,5,4,5,1,1,3,0,6,0,0,1.0
243,M,16,U,GT3,T,4,4,services,services,1,1,False,True,True,True,True,False,5,3,2,1,2,5,0,13,12,12,1.2857142857142858
244,F,18,U,GT3,T,2,1,other,other,2,3,True,False,False,True,True,True,4,4,4,1,1,3,0,7,0,0,1.0
245,M,16,U,GT3,T,2,1,other,other,3,1,False,False,True,True,True,False,4,3,3,1,1,4,6,18,18,18,1.0
246,M,17,U,GT3,T,2,3,other,other,2,1,False,False,True,True,True,False,5,2,2,1,1,2,4,12,12,13,1.0
247,M,22,U,GT3,T,3,1,services,services,1,1,False,False,False,False,True,True,5,4,5,5,5,1,16,6,8,8,5.0
248,M,18,R,LE3,T,3,3,other,services,1,2,False,False,True,True,True,True,4,3,3,1,3,5,8,3,5,5,1.5714285714285714
249,M,16,U,GT3,T,0,2,other,other,1,1,True,False,False,True,True,False,4,3,2,2,4,5,0,13,15,15,2.5714285714285716
250,M,18,U,GT3,T,3,2,services,other,2,1,False,False,True,False,True,False,4,4,5,2,4,5,0,6,8,8,2.5714285714285716
251,M,16,U,GT3,T,3,3,at_home,other,3,2,False,False,False,True,True,False,5,3,3,1,3,2,6,7,10,10,1.5714285714285714
252,M,18,U,GT3,T,2,1,services,services,1,1,False,False,False,False,True,False,3,2,5,2,5,5,4,6,9,8,2.857142857142857
253,M,16,R,GT3,T,2,1,other,other,2,1,False,True,False,True,False,False,3,3,2,1,3,3,0,8,9,8,1.5714285714285714
254,M,17,R,GT3,T,2,1,other,other,1,1,False,False,False,True,True,False,4,4,2,2,4,5,0,8,12,12,2.5714285714285716
255,M,17,U,LE3,T,1,1,health,other,2,1,False,True,True,True,True,False,4,4,4,1,2,5,2,7,9,8,1.2857142857142858
256,F,17,U,LE3,T,4,2,teacher,services,1,4,True,True,True,True,True,False,4,2,3,1,1,4,6,14,12,13,1.0
257,M,19,U,LE3,A,4,3,services,at_home,1,2,False,False,True,True,True,False,4,3,1,1,1,1,12,11,11,11,1.0
258,M,18,U,GT3,T,2,1,other,other,1,2,False,True,True,True,True,False,5,2,4,1,2,4,8,15,14,14,1.2857142857142858
259,F,17,U,LE3,T,2,2,services,services,1,4,True,True,True,True,True,True,3,4,1,1,1,2,0,10,9,0,1.0
260,F,18,U,GT3,T,4,3,services,other,1,2,True,False,True,True,True,True,3,1,2,1,3,2,21,17,18,18,1.5714285714285714
261,M,18,U,GT3,T,4,3,teacher,other,1,2,True,False,False,True,True,False,4,3,2,1,1,3,2,8,8,8,1.0
262,M,18,R,GT3,T,3,2,other,other,1,3,False,True,False,True,False,False,5,3,2,1,1,3,1,13,12,12,1.0
263,F,17,U,GT3,T,3,3,other,other,1,3,False,True,False,True,False,False,3,2,3,1,1,4,4,10,9,9,1.0
264,F,18,U,GT3,T,2,2,at_home,services,1,3,True,True,True,True,True,True,4,3,3,1,1,3,0,9,10,0,1.0
265,M,18,R,LE3,A,3,4,other,other,2,2,True,True,True,True,True,False,4,2,5,3,4,1,13,17,17,17,3.2857142857142856
266,M,17,U,GT3,T,3,1,services,other,1,2,True,True,True,True,True,True,5,4,4,3,4,5,2,9,9,10,3.2857142857142856
267,F,18,R,GT3,T,4,4,teacher,other,2,2,True,True,True,True,True,False,4,3,4,2,2,4,8,12,10,11,2.0
268,M,18,U,GT3,T,4,2,health,other,1,2,True,True,True,True,True,True,5,4,5,1,3,5,10,10,9,10,1.5714285714285714
269,F,18,R,GT3,T,2,1,other,other,2,2,False,False,True,False,True,True,4,3,5,1,2,3,0,6,0,0,1.2857142857142858
270,F,19,U,GT3,T,3,3,other,services,1,2,True,True,True,True,True,False,4,3,5,3,3,5,15,9,9,9,3.0
271,F,18,U,GT3,T,2,3,other,services,1,4,True,True,True,True,True,True,4,5,5,1,3,2,4,15,14,14,1.5714285714285714
272,F,18,U,LE3,T,1,1,other,other,2,2,True,False,False,True,False,False,4,4,3,1,1,3,2,11,11,11,1.0
273,M,17,R,GT3,T,1,2,at_home,at_home,1,2,True,True,False,True,False,True,3,5,2,2,2,1,2,15,14,14,2.0
274,F,17,U,GT3,T,2,4,at_home,health,2,2,True,False,True,True,True,True,4,3,3,1,1,1,2,10,10,10,1.0
275,F,17,U,LE3,T,2,2,services,other,2,2,True,False,True,True,True,True,4,4,4,2,3,5,6,12,12,12,2.2857142857142856
276,F,18,R,GT3,A,3,2,other,services,2,2,False,False,False,False,True,True,4,1,1,1,1,5,75,10,9,9,1.0
277,M,18,U,GT3,T,4,4,teacher,services,2,1,True,True,True,True,True,False,3,2,4,1,4,3,22,9,9,9,1.8571428571428572
278,F,18,U,GT3,T,4,4,health,health,1,2,False,True,True,True,True,True,2,4,4,1,1,4,15,9,8,8,1.0
279,M,18,U,LE3,T,4,3,teacher,services,2,1,True,True,True,True,True,False,4,2,3,1,2,1,8,10,11,10,1.2857142857142858
280,M,17,U,LE3,A,4,1,services,other,2,1,True,True,True,True,True,True,4,5,4,2,4,5,30,8,8,8,2.5714285714285716
281,M,17,U,LE3,A,3,2,teacher,services,1,1,False,False,True,True,True,False,4,4,4,3,4,3,19,11,9,10,3.2857142857142856
282,F,18,R,LE3,T,1,1,at_home,other,2,4,True,True,True,True,False,False,5,2,2,1,1,3,1,12,12,12,1.0
283,F,18,U,GT3,T,1,1,other,other,2,2,False,True,True,True,True,False,5,4,4,1,1,4,4,8,9,10,1.0
284,F,17,U,GT3,T,2,2,other,other,1,2,False,False,False,True,True,False,5,4,5,1,2,5,4,10,9,11,1.2857142857142858
285,M,17,U,GT3,T,1,1,other,other,1,2,True,False,False,True,True,False,4,3,3,1,2,4,2,12,10,11,1.2857142857142858
286,F,18,U,GT3,T,2,2,at_home,at_home,1,3,True,False,True,True,True,False,4,3,3,1,2,2,5,18,18,19,1.2857142857142858
287,F,17,U,GT3,T,1,1,services,teacher,1,3,True,False,True,True,True,False,4,3,3,1,1,3,6,13,12,12,1.0
288,M,18,U,GT3,T,2,1,services,services,1,3,True,True,True,True,True,False,4,2,4,1,3,2,6,15,14,14,1.5714285714285714
289,M,18,U,LE3,A,4,4,teacher,teacher,1,2,True,True,True,True,True,False,5,4,3,1,1,2,9,15,13,15,1.0
290,M,18,U,GT3,T,4,2,teacher,other,1,2,True,True,True,True,True,True,4,3,2,1,4,5,11,12,11,11,1.8571428571428572
291,F,17,U,GT3,T,4,3,health,services,1,3,True,False,True,True,True,False,4,2,2,1,2,3,0,15,15,15,1.2857142857142858
292,F,18,U,LE3,T,2,1,services,at_home,1,2,False,False,True,True,True,True,5,4,3,1,1,5,12,12,12,13,1.0
293,F,17,R,LE3,T,3,1,services,other,2,4,True,False,True,True,False,False,3,1,2,1,1,3,6,18,18,18,1.0
294,M,18,R,LE3,T,3,2,services,other,2,3,True,True,True,True,True,False,5,4,2,1,1,4,8,14,13,14,1.0
295,M,17,U,GT3,T,3,3,health,other,1,1,True,False,True,True,True,False,4,4,3,1,3,5,4,14,12,11,1.5714285714285714
296,F,19,U,GT3,T,4,4,health,other,2,2,True,True,True,True,True,False,2,3,4,2,3,2,0,10,9,0,2.2857142857142856
297,F,18,U,LE3,T,4,3,other,other,2,2,True,False,True,True,True,True,4,4,5,1,2,2,10,10,8,8,1.2857142857142858
298,F,18,U,GT3,T,4,3,other,other,1,4,True,False,True,True,True,False,4,3,3,1,1,3,0,14,13,14,1.0
299,M,18,U,LE3,T,4,4,teacher,teacher,1,1,True,False,True,True,True,True,1,4,2,2,2,1,5,16,15,16,2.0
300,F,18,U,LE3,A,4,4,health,other,1,2,False,False,True,True,True,True,4,2,4,1,1,4,14,12,10,11,1.0
301,M,17,U,LE3,T,4,4,other,teacher,2,1,True,False,True,True,True,False,4,1,1,2,2,5,0,11,11,10,2.0
302,F,17,U,GT3,T,4,2,other,other,2,3,True,False,True,True,True,False,4,3,3,1,1,3,0,15,12,14,1.0
303,F,17,U,GT3,T,3,2,health,health,1,4,True,True,False,True,True,False,5,2,2,1,2,5,0,17,17,18,1.2857142857142858
304,M,19,U,GT3,T,3,3,other,other,1,2,False,True,True,True,True,True,4,4,4,1,1,3,20,15,14,13,1.0
305,F,18,U,GT3,T,2,4,services,at_home,1,2,True,True,True,True,True,False,4,4,3,1,1,3,8,14,12,12,1.0
306,M,20,U,GT3,A,3,2,services,other,1,1,False,True,True,True,False,False,5,5,3,1,1,5,0,17,18,18,1.0
307,M,19,U,GT3,T,4,4,teacher,services,2,1,True,False,True,True,True,True,4,3,4,1,1,4,38,8,9,8,1.0
308,M,19,R,GT3,T,3,3,other,services,1,2,False,True,True,True,False,True,4,5,3,1,2,5,0,15,12,12,1.2857142857142858
309,F,19,U,LE3,T,1,1,at_home,other,1,2,False,True,False,True,True,False,4,4,3,1,3,3,18,12,10,10,1.5714285714285714
310,F,19,U,LE3,T,1,2,services,services,1,2,False,True,False,True,False,True,4,2,4,2,2,3,0,9,9,0,2.0
311,F,19,U,GT3,T,2,1,at_home,other,3,2,False,False,True,False,True,True,3,4,1,1,1,2,20,14,12,13,1.0
312,M,19,U,GT3,T,1,2,other,services,1,2,False,False,False,True,True,False,4,5,2,2,2,4,3,13,11,11,2.0
313,F,19,U,LE3,T,3,2,services,other,2,2,True,False,False,True,True,True,4,2,2,1,2,1,22,13,10,11,1.2857142857142858
314,F,19,U,GT3,T,1,1,at_home,health,1,3,False,False,False,True,True,True,4,1,2,1,1,3,14,15,13,13,1.0
315,F,19,R,GT3,T,2,3,other,other,1,3,False,False,True,True,True,True,4,1,2,1,1,3,40,13,11,11,1.0
316,F,18,U,GT3,T,2,1,services,other,2,2,True,True,True,True,True,False,5,3,3,1,2,1,0,8,8,0,1.2857142857142858
317,F,18,U,GT3,T,4,3,other,other,1,3,True,True,True,True,True,True,4,3,4,1,1,5,9,9,10,9,1.0
318,F,17,R,GT3,T,3,4,at_home,services,1,3,True,True,False,True,True,False,4,3,4,2,5,5,0,11,11,10,2.857142857142857
319,F,18,U,GT3,T,4,4,teacher,other,1,2,True,False,True,True,True,False,4,4,4,3,3,5,2,11,11,11,3.0
320,F,17,U,GT3,A,4,3,services,services,1,2,True,False,True,True,True,True,5,2,2,1,2,5,23,13,13,13,1.2857142857142858
321,F,17,U,GT3,T,2,2,other,other,1,2,False,False,True,True,False,True,4,2,2,1,1,3,12,11,9,9,1.0
322,F,17,R,LE3,T,2,2,services,services,1,3,True,True,True,True,True,False,3,3,2,2,2,3,3,11,11,11,2.0
323,F,17,U,GT3,T,3,1,services,services,1,3,False,False,False,True,True,False,3,4,3,2,3,5,1,12,14,15,2.2857142857142856
324,F,17,U,LE3,T,0,2,at_home,at_home,2,3,False,False,True,True,True,False,3,3,3,2,3,2,0,16,15,15,2.2857142857142856
325,M,18,U,GT3,T,4,4,other,other,1,3,False,True,True,True,True,False,4,3,3,2,2,3,3,9,12,11,2.0
326,M,17,U,GT3,T,3,3,other,services,1,1,False,True,False,True,True,False,4,3,5,3,5,5,3,14,15,16,3.5714285714285716
327,M,17,R,GT3,T,2,2,services,other,4,1,False,False,True,True,True,False,4,4,5,5,5,4,8,11,10,10,5.0
328,F,17,U,GT3,T,4,4,teacher,services,1,3,True,True,True,True,True,False,5,4,4,1,3,4,7,10,9,9,1.5714285714285714
329,F,17,U,GT3,T,4,4,teacher,teacher,2,3,True,False,False,True,True,True,4,3,3,1,2,4,4,14,14,14,1.2857142857142858
330,M,18,U,LE3,T,2,2,other,other,1,4,False,True,True,True,True,False,4,5,5,2,4,5,2,9,8,8,2.5714285714285716
331,F,17,R,GT3,T,2,4,at_home,other,1,3,False,False,True,True,True,True,4,4,3,1,1,5,7,12,14,14,1.0
332,F,18,U,GT3,T,3,3,services,services,1,2,False,True,True,True,True,False,5,3,4,1,1,4,0,7,0,0,1.0
333,F,18,U,LE3,T,2,2,other,other,1,2,False,True,False,True,True,True,4,3,3,1,1,2,0,8,8,0,1.0
334,F,18,R,GT3,T,2,2,at_home,other,2,4,False,True,True,True,False,False,4,4,4,1,1,4,0,10,9,0,1.0
335,F,17,U,GT3,T,3,4,services,other,1,3,False,False,True,True,True,False,4,4,5,1,3,5,16,16,15,15,1.5714285714285714
336,F,19,R,GT3,A,3,1,services,at_home,1,3,True,False,True,True,False,False,5,4,3,1,2,5,12,14,13,13,1.2857142857142858
337,F,17,U,GT3,T,3,2,other,other,1,2,True,False,True,True,True,True,4,3,2,2,3,2,0,7,8,0,2.2857142857142856
338,F,18,U,LE3,T,3,3,services,services,1,4,False,False,True,True,True,False,5,3,3,1,1,1,7,16,15,17,1.0
339,F,17,R,GT3,A,3,2,other,other,1,2,True,False,True,True,True,False,4,3,3,2,3,2,4,9,10,10,2.2857142857142856
340,F,19,U,GT3,T,2,1,services,services,1,3,True,True,True,True,True,True,4,3,4,1,3,3,4,11,12,11,1.5714285714285714
341,M,18,U,GT3,T,4,4,teacher,services,1,2,False,True,True,True,True,False,4,3,3,2,2,2,0,10,10,0,2.0
342,M,18,U,LE3,T,3,4,services,other,1,2,False,True,True,True,True,True,4,3,3,1,3,5,11,16,15,15,1.5714285714285714
343,F,17,U,GT3,A,2,2,at_home,at_home,1,2,False,False,True,True,True,True,3,3,1,1,2,4,0,9,8,0,1.2857142857142858
344,F,18,U,GT3,T,2,3,at_home,other,1,3,False,False,True,True,True,False,4,3,3,1,2,3,4,11,10,10,1.2857142857142858
345,F,18,U,GT3,T,3,2,other,services,1,3,False,False,True,True,True,True,5,4,3,2,3,1,7,13,13,14,2.2857142857142856
346,M,18,R,GT3,T,4,3,teacher,services,1,3,False,False,True,True,True,True,5,3,2,1,2,4,9,16,15,16,1.2857142857142858
347,M,18,U,GT3,T,4,3,teacher,other,1,3,True,False,True,True,True,True,5,4,5,2,3,5,0,10,10,9,2.2857142857142856
348,F,17,U,GT3,T,4,3,health,other,1,3,True,True,True,True,True,True,4,4,3,1,3,4,0,13,15,15,1.5714285714285714
349,M,18,R,GT3,T,3,2,other,other,2,1,False,False,False,True,True,False,2,5,5,5,5,5,10,11,13,13,5.0
350,M,19,R,GT3,T,1,1,other,services,3,2,False,False,True,True,True,False,5,4,4,3,3,2,8,8,7,8,3.0
351,M,17,U,GT3,T,3,3,health,other,2,2,True,False,True,True,True,False,4,5,4,2,3,3,2,13,13,13,2.2857142857142856
352,M,18,U,LE3,T,1,3,at_home,services,1,1,False,False,True,False,True,True,4,3,3,2,3,3,7,8,7,8,2.2857142857142856
353,M,19,R,GT3,T,1,1,other,other,3,1,False,False,True,True,True,False,4,4,4,3,3,5,4,8,8,8,3.0
354,M,17,R,GT3,T,4,3,services,other,2,2,True,True,False,True,True,True,4,5,5,1,3,2,4,13,11,11,1.5714285714285714
355,F,18,U,GT3,T,3,3,services,services,1,2,False,False,True,True,False,True,5,3,4,1,1,5,0,10,9,9,1.0
356,F,17,R,GT3,T,4,4,teacher,services,2,2,True,True,True,True,True,False,4,3,3,1,2,5,4,12,13,13,1.2857142857142858
357,F,17,U,LE3,A,3,2,services,other,2,2,False,False,True,True,False,True,1,2,3,1,2,5,2,12,12,11,1.2857142857142858
358,M,18,U,LE3,T,1,1,other,services,2,1,False,False,False,True,True,True,3,3,2,1,2,3,4,10,10,10,1.2857142857142858
359,F,18,U,LE3,T,1,1,at_home,services,2,3,False,False,True,True,True,False,5,3,2,1,1,4,0,18,16,16,1.0
360,F,18,R,LE3,A,1,4,at_home,other,3,2,False,False,True,True,False,True,4,3,4,1,4,5,0,13,13,13,1.8571428571428572
361,M,18,R,LE3,T,1,1,at_home,other,2,2,False,True,False,False,False,False,4,4,3,2,3,5,2,13,12,12,2.2857142857142856
362,F,18,U,GT3,T,3,3,services,services,2,2,False,False,True,True,True,True,4,3,2,1,3,3,0,11,11,10,1.5714285714285714
363,F,17,U,LE3,T,4,4,at_home,at_home,1,2,True,True,True,True,True,True,2,3,4,1,1,1,0,16,15,15,1.0
364,F,17,R,GT3,T,1,2,other,services,2,2,False,False,False,True,False,False,3,2,2,1,2,3,0,12,11,12,1.2857142857142858
365,M,18,R,GT3,T,1,3,at_home,other,2,2,True,False,True,True,False,False,3,3,4,2,4,3,4,10,10,10,2.5714285714285716
366,M,18,U,LE3,T,4,4,teacher,services,2,3,True,False,True,True,True,True,4,2,2,2,2,5,0,13,13,13,2.0
367,F,17,R,GT3,T,1,1,other,services,3,1,True,False,True,True,True,True,5,2,1,1,2,1,0,7,6,0,1.2857142857142858
368,F,18,U,GT3,T,2,3,at_home,services,2,1,True,False,True,True,True,True,5,2,3,1,2,4,0,11,10,10,1.2857142857142858
369,F,18,R,GT3,T,4,4,other,teacher,3,2,True,False,False,True,True,True,3,2,2,4,2,5,10,14,12,11,3.4285714285714284
370,F,19,U,LE3,T,3,2,services,services,2,2,False,True,True,True,False,True,3,2,2,1,1,3,4,7,7,9,1.0
371,M,18,R,LE3,T,1,2,at_home,services,3,1,True,True,True,False,True,True,4,3,3,2,3,3,3,14,12,12,2.2857142857142856
372,F,17,U,GT3,T,2,2,other,at_home,1,3,False,True,True,True,False,True,3,4,3,1,1,3,8,13,11,11,1.0
373,F,17,R,GT3,T,1,2,other,other,1,1,False,True,True,True,True,False,3,5,5,1,3,1,14,6,5,5,1.5714285714285714
374,F,18,R,LE3,T,4,4,other,other,2,3,False,False,True,True,True,False,5,4,4,1,1,1,0,19,18,19,1.0
375,F,18,R,GT3,T,1,1,other,other,4,3,False,False,True,True,True,False,4,3,2,1,2,4,2,8,8,10,1.2857142857142858
376,F,20,U,GT3,T,4,2,health,other,2,3,True,False,False,True,True,True,5,4,3,1,1,3,4,15,14,15,1.0
377,F,18,R,LE3,T,4,4,teacher,services,1,2,True,True,True,True,True,False,5,4,3,3,4,2,4,8,9,10,3.2857142857142856
378,F,18,U,GT3,T,3,3,other,other,1,2,True,False,True,True,True,True,4,1,3,1,2,1,0,15,15,15,1.2857142857142858
379,F,17,R,GT3,T,3,1,at_home,other,1,2,True,True,False,True,True,False,4,5,4,2,3,1,17,10,10,10,2.2857142857142856
380,M,18,U,GT3,T,4,4,teacher,teacher,1,2,True,True,False,True,True,False,3,2,4,1,4,2,4,15,14,14,1.8571428571428572
381,M,18,R,GT3,T,2,1,other,other,2,1,False,True,False,True,True,True,4,4,3,1,3,5,5,7,6,7,1.5714285714285714
382,M,17,U,GT3,T,2,3,other,services,2,2,False,True,True,True,True,False,4,4,3,1,1,3,2,11,11,10,1.0
383,M,19,R,GT3,T,1,1,other,services,2,1,False,False,True,True,False,False,4,3,2,1,3,5,0,6,5,0,1.5714285714285714
384,M,18,R,GT3,T,4,2,other,other,2,1,True,False,True,True,False,False,5,4,3,4,3,3,14,6,5,5,3.7142857142857144
385,F,18,R,GT3,T,2,2,at_home,other,2,3,True,False,True,True,False,False,5,3,3,1,3,4,2,10,9,10,1.5714285714285714
386,F,18,R,GT3,T,4,4,teacher,at_home,3,1,True,True,True,True,True,True,4,4,3,2,2,5,7,6,5,6,2.0
387,F,19,R,GT3,T,2,3,services,other,1,3,False,True,False,True,True,False,5,4,2,1,2,5,0,7,5,0,1.2857142857142858
388,F,18,U,LE3,T,3,1,teacher,services,1,2,True,False,True,True,True,False,4,3,4,1,1,1,0,7,9,8,1.0
389,F,18,U,GT3,T,1,1,other,other,2,2,False,True,True,True,False,False,1,1,1,1,1,5,0,6,5,0,1.0
390,M,20,U,LE3,A,2,2,services,services,1,2,True,False,True,True,False,False,5,5,4,4,5,4,11,9,9,9,4.285714285714286
391,M,17,U,LE3,T,3,1,services,services,2,1,False,False,False,True,True,False,2,4,5,3,4,2,3,14,16,16,3.2857142857142856
392,M,21,R,GT3,T,1,1,other,other,1,1,False,False,False,True,False,False,5,5,3,3,3,3,3,10,8,7,3.0
393,M,18,R,LE3,T,3,2,services,other,3,1,False,False,False,True,True,False,4,4,1,3,4,5,0,11,12,10,3.2857142857142856
394,M,19,U,LE3,T,1,1,other,at_home,1,1,False,False,True,True,True,False,3,2,3,3,3,5,5,8,9,9,3.0
395,F,15,U,LE3,T,1,1,at_home,other,1,2,False,False,True,True,True,False,4,3,2,2,3,3,6,12,13,12,2.2857142857142856
396,F,15,U,GT3,T,4,2,health,services,1,3,False,True,True,True,True,True,3,2,2,1,1,5,0,14,14,14,1.0
397,F,16,U,GT3,T,3,3,other,other,1,2,False,False,True,True,False,False,4,3,2,1,2,5,0,11,13,13,1.2857142857142858
398,M,16,U,LE3,T,4,3,services,other,1,2,False,True,True,True,True,False,5,4,2,1,2,5,6,12,12,13,1.2857142857142858
399,M,15,U,LE3,A,3,2,services,other,1,2,False,False,True,True,True,False,4,2,2,1,1,1,0,15,16,17,1.0
400,M,15,U,GT3,T,3,4,other,other,1,2,False,True,True,True,True,False,5,5,1,1,1,5,0,12,12,13,1.0
401,F,15,U,GT3,T,4,4,teacher,health,1,2,False,False,True,True,True,False,3,3,3,1,2,2,2,14,14,14,1.2857142857142858
402,M,15,U,LE3,T,4,4,health,services,1,1,False,True,True,True,True,False,4,3,3,1,3,5,0,12,13,12,1.5714285714285714
403,M,15,U,GT3,T,4,3,teacher,other,2,2,False,False,True,True,True,False,5,4,3,1,2,3,0,12,12,13,1.2857142857142858
404,F,16,U,GT3,T,4,4,services,services,1,3,False,True,True,True,True,False,3,2,3,1,2,2,10,13,13,14,1.2857142857142858
405,M,17,U,GT3,T,3,2,services,services,1,1,True,True,True,True,True,False,5,5,5,2,4,5,2,8,8,7,2.5714285714285716
406,M,16,U,LE3,T,4,3,health,other,1,1,False,True,True,True,True,False,3,1,3,1,3,5,6,12,12,12,1.5714285714285714
407,F,15,R,GT3,T,2,4,services,health,1,3,False,True,True,True,True,False,4,3,2,1,1,5,2,10,11,10,1.0
408,F,16,U,GT3,T,2,2,services,services,1,1,False,False,False,True,True,False,1,2,2,1,3,5,6,10,11,12,1.5714285714285714
409,M,15,U,GT3,T,2,2,other,other,1,1,False,False,True,True,True,False,4,2,2,1,2,5,8,11,12,12,1.2857142857142858
410,M,15,U,GT3,T,4,2,health,services,1,1,False,False,True,True,True,False,2,2,4,2,4,1,0,11,11,11,2.5714285714285716
411,M,16,U,LE3,A,3,4,services,other,1,2,True,True,True,True,True,False,5,3,3,1,1,5,2,12,12,13,1.0
412,M,16,U,GT3,T,3,2,other,other,1,1,False,False,False,True,True,False,5,4,3,1,1,5,4,12,12,12,1.0
413,F,15,R,GT3,T,3,4,services,health,1,3,False,True,True,True,True,False,4,3,2,1,1,5,2,11,12,12,1.0
414,F,15,R,GT3,T,2,2,at_home,other,1,1,False,True,True,True,False,False,4,3,1,1,1,2,8,14,13,12,1.0
415,F,16,U,LE3,T,2,2,other,other,2,2,False,True,False,True,True,True,3,3,3,1,2,3,16,11,11,10,1.2857142857142858
416,M,15,U,GT3,T,4,2,teacher,other,1,2,False,False,True,True,False,False,4,3,3,2,2,5,4,11,12,13,2.0
417,F,15,U,GT3,T,4,4,services,teacher,1,2,False,True,False,True,True,False,4,4,4,1,1,3,2,13,12,12,1.0
418,F,16,U,LE3,T,2,2,services,services,3,2,False,False,True,True,True,False,4,3,3,2,3,4,0,14,13,13,2.2857142857142856
419,F,15,U,LE3,T,4,2,health,other,1,2,False,False,True,True,True,False,4,3,3,1,1,5,0,16,14,16,1.0
420,M,15,U,LE3,A,4,2,health,health,2,1,False,False,True,True,False,False,5,5,5,3,4,5,4,10,9,9,3.2857142857142856
421,F,15,U,GT3,T,4,4,services,services,1,1,False,False,True,True,True,False,3,3,4,2,3,5,0,13,12,12,2.2857142857142856
422,F,15,U,LE3,A,3,3,other,other,1,1,False,False,True,True,True,False,5,3,4,4,4,1,0,13,12,13,4.0
423,F,16,U,GT3,A,2,1,other,other,1,2,False,True,True,True,True,True,5,3,4,1,1,2,2,12,13,12,1.0
424,F,15,U,GT3,A,4,3,services,services,1,2,False,True,True,True,True,False,4,3,2,1,1,1,0,15,14,15,1.0
425,F,16,U,GT3,T,4,2,services,other,1,2,True,False,True,True,True,False,4,2,3,1,1,5,2,16,15,16,1.0
426,F,16,U,GT3,T,4,3,teacher,health,1,3,False,True,True,True,True,False,3,4,4,2,4,4,0,14,13,13,2.5714285714285716
427,F,16,U,GT3,T,3,1,services,other,1,4,False,False,True,True,True,False,4,3,3,1,2,5,0,10,9,10,1.2857142857142858
428,F,15,R,LE3,T,2,2,health,services,2,2,False,False,True,True,True,False,4,1,3,1,3,4,0,11,10,11,1.5714285714285714
429,M,16,U,GT3,T,3,1,other,other,2,4,False,False,True,True,True,False,4,3,2,1,1,5,2,13,11,11,1.0
430,F,15,R,GT3,T,1,1,other,other,1,2,False,False,False,True,True,True,3,3,4,2,4,5,2,13,11,11,2.5714285714285716
431,F,16,U,GT3,T,3,3,other,services,1,2,False,True,True,True,True,False,4,3,3,2,4,5,4,11,11,11,2.5714285714285716
432,M,15,U,GT3,T,4,3,teacher,other,1,2,False,True,True,True,True,False,4,3,3,2,3,5,0,11,11,11,2.2857142857142856
433,F,16,U,GT3,T,2,2,other,other,1,4,False,False,True,True,True,True,5,2,3,1,3,3,1,13,13,13,1.5714285714285714
434,M,15,U,GT3,T,2,3,other,services,1,1,False,True,False,True,True,True,3,2,2,1,3,3,0,11,11,12,1.5714285714285714
435,M,15,U,GT3,T,2,3,other,other,1,3,False,False,False,True,True,False,5,3,2,1,2,5,2,10,9,9,1.2857142857142858
436,F,15,U,LE3,T,3,2,services,other,1,2,False,False,True,True,True,False,4,4,4,1,1,5,4,12,11,11,1.0
437,F,15,U,GT3,T,4,4,services,services,2,2,False,False,True,True,True,True,4,4,4,2,3,5,4,12,11,12,2.2857142857142856
438,M,16,U,GT3,T,2,2,services,other,2,2,False,True,False,True,True,False,4,4,2,1,1,3,6,12,10,11,1.0
439,F,16,U,GT3,T,3,3,other,other,1,3,False,False,True,True,True,True,4,3,3,1,3,4,2,9,11,11,1.5714285714285714
440,F,15,U,GT3,T,4,3,services,other,1,1,False,True,True,True,True,False,4,5,5,1,3,1,6,14,13,13,1.5714285714285714
441,F,16,U,GT3,T,4,2,teacher,services,2,2,False,True,True,True,True,False,5,3,3,1,1,1,2,13,14,14,1.0
442,F,15,R,GT3,T,1,1,at_home,other,2,4,True,True,True,True,True,False,3,1,2,1,1,1,4,13,13,13,1.0
443,M,16,R,GT3,T,4,3,services,other,2,1,True,True,False,True,True,False,3,3,3,1,1,4,6,9,11,11,1.0
444,F,16,U,GT3,T,2,1,other,other,1,2,False,False,True,True,False,True,4,3,5,1,1,5,0,13,12,12,1.0
445,F,16,U,GT3,T,4,3,other,at_home,1,3,False,False,True,True,True,False,5,3,5,1,1,3,2,12,13,13,1.0
446,M,16,U,GT3,T,4,4,services,services,1,1,False,True,True,True,True,False,4,5,5,5,5,4,12,9,9,8,5.0
447,M,15,U,GT3,T,4,4,services,other,1,1,True,True,False,True,True,False,5,3,3,1,1,5,2,12,13,12,1.0
448,F,15,U,GT3,T,3,2,services,other,2,2,False,False,True,True,True,False,4,3,5,1,1,2,16,11,10,10,1.0
449,M,15,U,GT3,A,3,4,services,other,1,2,False,True,True,True,True,False,5,4,4,1,1,1,0,16,16,16,1.0
450,F,15,U,GT3,T,2,2,other,other,1,4,False,False,True,True,True,False,5,1,2,1,1,3,4,10,10,10,1.0
451,M,15,R,GT3,T,4,4,other,other,4,4,False,True,True,True,True,True,1,3,5,3,5,1,8,12,10,11,3.5714285714285716
452,F,16,U,LE3,T,4,4,health,health,1,3,False,True,True,True,True,True,5,4,5,1,1,4,2,15,15,14,1.0
453,F,16,R,GT3,T,3,3,services,other,1,3,False,True,True,True,True,False,4,1,2,1,1,2,4,11,11,11,1.0
454,M,15,U,GT3,T,2,2,services,services,1,4,False,True,True,True,True,False,5,5,4,1,2,5,6,14,13,13,1.2857142857142858
455,F,16,U,LE3,T,2,4,other,health,2,2,False,True,True,True,True,True,4,2,2,1,2,5,2,14,12,13,1.2857142857142858
456,F,16,U,GT3,T,2,2,other,other,1,2,False,False,True,True,True,True,5,4,4,1,1,5,0,12,11,11,1.0
457,F,19,U,GT3,T,0,1,at_home,other,1,2,False,False,False,False,False,False,3,4,2,1,1,5,0,9,10,11,1.0
458,M,16,R,GT3,T,4,4,teacher,teacher,1,1,False,True,True,True,True,False,3,5,5,2,5,4,8,14,14,15,2.857142857142857
459,M,16,U,GT3,T,2,3,other,other,2,3,False,False,False,True,True,True,3,2,3,2,2,1,4,13,12,13,2.0
460,F,15,R,GT3,T,3,4,services,teacher,2,3,False,False,True,True,True,True,4,2,2,2,2,5,0,10,11,12,2.0
461,F,18,U,GT3,T,2,1,services,other,1,2,False,True,True,False,True,True,5,4,5,1,3,5,10,10,9,8,1.5714285714285714
462,F,17,U,LE3,A,2,1,other,other,3,1,False,False,True,True,True,False,3,2,2,1,2,5,8,11,10,11,1.2857142857142858
463,M,16,U,GT3,T,2,1,at_home,other,4,1,False,False,True,True,False,False,3,2,1,1,1,2,4,9,9,11,1.0
464,F,16,U,GT3,A,2,2,other,other,1,1,False,False,True,True,False,False,5,3,4,1,1,5,12,13,11,11,1.0
465,F,16,R,GT3,T,1,1,at_home,other,4,2,False,False,True,True,False,False,5,1,3,1,1,3,0,14,13,13,1.0
466,M,18,U,LE3,T,3,1,services,services,2,1,False,True,True,True,True,True,3,3,4,4,5,4,2,11,11,12,4.285714285714286
467,F,18,U,GT3,A,3,2,other,services,1,3,False,True,False,True,True,True,4,3,3,5,1,5,10,12,11,11,3.857142857142857
468,F,16,R,GT3,T,1,1,other,services,2,1,False,True,True,True,False,True,3,3,3,1,2,1,8,12,11,11,1.2857142857142858
469,F,16,U,GT3,A,3,3,other,other,2,1,False,True,False,True,True,True,4,3,2,1,1,5,4,9,9,10,1.0
470,M,16,U,LE3,T,1,1,services,other,1,2,False,False,True,True,False,True,4,4,4,1,3,5,0,10,10,10,1.5714285714285714
471,F,15,R,GT3,T,1,1,other,other,3,1,False,True,True,True,True,True,5,5,5,1,1,1,2,8,9,9,1.0
472,F,15,U,GT3,A,3,3,services,services,1,2,False,False,False,True,False,True,1,3,2,2,3,1,24,9,8,9,2.2857142857142856
473,M,16,U,GT3,T,4,4,services,services,1,3,False,True,True,True,True,False,5,3,3,1,3,5,0,15,13,13,1.5714285714285714
474,M,16,U,LE3,T,2,2,services,services,2,1,False,True,True,True,True,False,2,3,3,2,2,2,4,12,11,11,2.0
475,F,15,U,GT3,T,4,4,teacher,services,1,3,False,True,True,True,True,False,4,2,2,1,1,5,2,13,13,13,1.0
476,M,17,U,GT3,T,2,1,other,other,1,1,False,False,True,True,True,False,5,4,5,1,2,5,22,9,7,6,1.2857142857142858
477,F,15,U,GT3,T,1,1,other,services,1,2,False,False,True,True,True,False,4,4,2,1,2,5,0,12,12,12,1.2857142857142858
478,F,15,U,LE3,A,2,1,at_home,other,2,1,False,True,True,False,True,True,4,4,2,1,1,5,0,11,10,10,1.0
479,F,15,U,GT3,T,3,2,health,services,1,2,False,False,True,True,True,False,3,3,2,1,1,3,2,11,11,11,1.0
480,F,15,U,GT3,T,1,2,at_home,other,1,2,False,False,False,True,True,False,4,3,2,1,1,5,6,13,12,13,1.0
481,F,15,U,GT3,T,1,2,at_home,services,1,2,False,False,False,True,False,True,2,3,4,2,4,1,6,11,11,11,2.5714285714285716
482,M,15,U,LE3,A,2,1,services,other,4,1,False,False,True,True,True,False,4,5,5,2,5,5,0,12,11,11,2.857142857142857
483,M,18,U,LE3,T,1,1,other,other,1,1,False,False,True,False,True,True,2,3,5,2,5,4,0,11,9,0,2.857142857142857
484,F,15,R,GT3,T,3,3,services,services,2,3,True,True,True,True,True,True,4,2,1,2,3,3,2,13,13,13,2.2857142857142856
485,M,19,U,GT3,T,3,2,services,at_home,1,1,False,False,True,False,True,True,4,5,4,1,1,4,6,11,9,11,1.0
486,M,17,R,LE3,T,1,2,other,other,1,1,False,False,True,True,False,False,2,2,2,3,3,5,14,9,8,10,3.0
487,M,16,U,GT3,T,3,3,other,services,1,2,False,False,True,True,True,True,4,5,5,4,4,5,0,10,10,1,4.0
488,M,16,U,LE3,T,1,2,health,services,2,1,False,False,False,True,True,False,4,4,5,3,5,5,0,9,8,10,3.5714285714285716
489,M,17,R,LE3,T,2,1,at_home,other,2,1,True,True,True,False,True,True,3,3,2,2,2,5,8,8,8,9,2.0
490,M,17,R,GT3,T,3,2,other,other,2,2,False,False,True,True,True,True,4,4,4,1,4,3,4,7,6,8,1.8571428571428572
491,M,15,U,LE3,T,1,2,other,other,2,1,False,True,True,True,False,False,4,4,4,2,4,5,2,8,9,10,2.5714285714285716
492,M,16,U,GT3,T,1,3,at_home,services,1,1,False,False,True,False,True,False,5,3,3,1,4,2,2,9,8,8,1.8571428571428572
493,M,17,R,LE3,T,1,1,other,services,4,2,False,True,True,False,False,True,5,3,5,1,5,5,0,8,8,8,2.142857142857143
494,M,17,U,GT3,T,3,2,services,services,2,1,False,True,False,False,False,False,4,5,2,1,1,2,10,8,7,8,1.0
495,F,16,U,GT3,T,4,2,health,services,1,2,False,False,True,True,True,True,4,2,3,1,1,3,0,17,17,18,1.0
496,F,16,U,GT3,T,2,2,other,other,1,2,False,False,False,True,True,False,5,1,5,1,1,4,0,12,12,13,1.0
497,F,16,U,GT3,T,4,4,health,health,1,2,False,False,True,True,True,True,4,4,2,1,1,3,0,16,16,17,1.0
498,M,16,U,GT3,T,3,4,other,other,3,1,False,True,False,True,True,False,3,4,5,2,4,2,4,9,9,10,2.5714285714285716
499,M,16,U,GT3,T,1,0,other,other,2,2,False,True,True,True,True,True,4,3,2,1,1,3,0,16,17,18,1.0
500,M,17,U,LE3,T,4,4,teacher,other,1,2,False,True,True,True,True,False,4,4,4,1,3,5,0,11,9,10,1.5714285714285714
501,F,16,U,GT3,T,1,3,at_home,services,1,2,False,True,False,True,True,True,4,3,5,1,1,3,0,14,13,13,1.0
502,F,16,U,LE3,T,3,3,other,other,2,2,False,True,True,True,True,False,4,4,5,1,1,4,0,14,14,15,1.0
503,M,17,U,LE3,T,4,3,teacher,other,2,2,False,True,True,True,True,False,4,4,4,4,4,4,0,10,11,11,4.0
504,F,16,U,GT3,T,2,2,services,other,2,2,False,True,False,True,True,False,3,4,4,1,4,5,0,13,12,14,1.8571428571428572
505,M,17,U,GT3,T,4,3,other,other,1,2,True,True,True,True,True,True,5,2,3,1,1,2,4,11,11,13,1.0
506,M,16,U,GT3,T,3,3,services,other,1,2,False,True,True,True,True,True,4,2,3,1,2,3,0,11,12,13,1.2857142857142858
507,F,16,U,GT3,T,3,2,other,other,1,2,False,False,True,True,True,False,1,2,2,1,2,1,8,14,15,16,1.2857142857142858
508,M,16,U,GT3,T,1,2,services,services,1,1,False,True,True,True,True,True,3,3,3,1,2,3,0,10,9,11,1.2857142857142858
509,M,16,U,LE3,T,2,1,other,other,1,2,False,True,True,True,True,True,4,2,3,1,2,5,0,13,14,16,1.2857142857142858
510,M,17,U,GT3,T,1,2,at_home,services,2,2,False,True,False,True,True,False,4,4,4,4,5,5,16,10,11,12,4.285714285714286
511,M,16,R,LE3,T,3,3,teacher,other,3,1,False,True,True,True,True,False,3,3,4,3,5,3,16,10,11,12,3.5714285714285716
512,F,16,U,LE3,T,4,4,teacher,teacher,1,2,False,False,True,True,True,False,4,5,2,1,2,3,0,11,10,11,1.2857142857142858
513,F,16,U,GT3,T,2,3,other,other,1,2,False,True,True,True,False,False,4,4,3,1,3,4,4,11,12,12,1.5714285714285714
514,F,17,U,GT3,T,1,1,other,other,1,2,False,False,False,True,False,False,4,4,4,1,3,1,0,14,15,15,1.5714285714285714
515,F,16,R,GT3,T,2,2,services,services,2,4,False,True,False,True,True,False,5,3,5,1,1,5,6,13,13,13,1.0
516,F,16,U,GT3,A,3,1,services,other,1,2,False,False,True,True,True,False,2,3,3,2,2,4,2,11,11,12,2.0
517,F,16,U,GT3,T,4,3,teacher,other,1,2,False,True,True,True,True,True,1,3,2,1,1,1,4,14,15,15,1.0
518,F,16,U,GT3,T,1,1,at_home,other,2,1,False,False,True,True,False,False,4,3,2,1,4,5,2,12,13,13,1.8571428571428572
519,F,17,R,GT3,T,4,3,teacher,other,2,3,False,True,True,True,True,True,4,4,2,1,1,4,0,11,12,12,1.0
520,F,19,U,GT3,T,3,3,other,other,1,4,False,True,True,True,True,False,4,3,3,1,2,3,4,12,12,12,1.2857142857142858
521,M,17,U,LE3,T,4,4,services,other,1,2,False,False,True,True,True,True,5,3,5,4,5,3,15,13,12,12,4.285714285714286
522,F,16,U,GT3,A,2,2,other,other,1,2,False,False,True,True,True,False,3,3,4,1,1,4,0,13,13,13,1.0
523,M,18,U,GT3,T,2,2,services,other,1,2,False,True,True,True,True,False,4,4,4,2,4,5,10,12,11,11,2.5714285714285716
524,F,17,R,LE3,T,4,4,services,other,1,1,False,False,True,True,False,False,5,2,1,1,2,3,6,12,11,11,1.2857142857142858
525,F,17,U,LE3,T,3,2,other,other,2,2,False,False,True,True,True,False,4,4,4,1,3,1,2,14,16,15,1.5714285714285714
526,F,17,U,GT3,T,4,3,other,other,1,2,False,False,True,True,True,True,3,4,5,2,4,1,16,11,9,10,2.5714285714285716
527,M,18,U,LE3,T,3,3,services,health,1,2,False,False,True,True,True,False,3,2,4,2,4,4,10,10,10,10,2.5714285714285716
528,F,17,U,GT3,T,2,3,at_home,other,2,1,False,False,True,True,False,False,3,3,3,1,4,3,4,12,13,13,1.8571428571428572
529,F,17,U,GT3,T,2,2,at_home,at_home,1,3,False,True,True,True,True,False,4,3,3,1,1,4,0,12,12,13,1.0
530,F,17,U,GT3,T,1,1,at_home,other,1,3,False,True,True,True,False,True,4,3,4,1,1,5,12,12,12,12,1.0
531,M,18,U,GT3,T,2,2,other,other,2,2,True,False,True,True,True,False,3,3,3,5,5,4,9,10,9,10,5.0
532,F,18,R,GT3,T,3,1,other,other,1,2,False,True,True,True,True,True,5,3,3,1,1,4,4,8,8,8,1.0
533,M,17,U,LE3,T,2,3,services,services,1,2,False,False,False,True,True,False,5,3,3,1,3,3,0,10,11,11,1.5714285714285714
534,M,18,U,LE3,T,2,1,at_home,other,4,2,False,True,True,True,True,True,4,3,2,4,5,3,2,9,10,11,4.285714285714286
535,M,17,R,GT3,T,2,2,other,other,2,2,False,True,True,True,True,False,4,5,2,1,1,1,0,12,13,13,1.0
536,M,16,U,GT3,T,4,4,health,other,1,2,False,True,True,True,True,False,4,2,4,2,4,1,0,13,13,14,2.5714285714285716
537,M,16,U,LE3,T,1,1,other,other,2,2,False,False,True,True,True,False,3,4,2,1,1,5,2,9,9,9,1.0
538,M,17,U,LE3,T,2,2,other,other,1,2,False,True,False,True,True,True,4,4,2,5,5,4,0,16,16,16,5.0
539,F,16,U,GT3,A,4,1,other,other,1,2,False,True,True,True,True,True,5,3,3,1,2,5,0,14,13,13,1.2857142857142858
540,F,18,U,LE3,A,2,4,services,other,2,2,False,False,True,True,True,False,4,3,3,1,1,3,18,10,10,10,1.0
541,F,18,U,LE3,T,2,2,at_home,services,1,2,False,False,False,True,True,True,5,3,1,1,1,5,16,9,8,10,1.0
542,F,18,U,GT3,T,3,3,other,other,2,1,False,False,True,False,True,False,4,1,1,1,1,3,14,8,7,7,1.0
543,M,18,U,GT3,T,2,2,other,at_home,1,1,False,True,False,False,True,True,4,4,3,2,2,1,26,7,8,8,2.0
544,M,17,U,GT3,T,4,4,teacher,teacher,1,1,False,True,False,True,True,False,4,2,1,1,2,5,6,10,8,9,1.2857142857142858
545,F,17,U,GT3,T,3,2,other,other,1,2,False,True,True,True,False,False,5,4,2,1,1,3,4,14,14,15,1.0
546,F,17,U,LE3,T,1,1,at_home,at_home,1,3,False,True,True,True,True,True,4,3,2,1,2,4,10,11,10,10,1.2857142857142858
547,F,16,U,GT3,T,1,2,other,other,1,1,False,False,True,False,True,False,5,3,5,1,2,5,4,12,11,11,1.2857142857142858
548,F,17,R,LE3,A,1,4,other,other,4,1,False,False,True,True,True,False,5,5,4,1,1,5,14,9,9,8,1.0
549,M,18,U,GT3,T,2,2,other,services,1,2,False,False,True,False,True,False,5,5,4,3,5,2,16,8,7,8,3.5714285714285716
550,F,17,U,LE3,A,2,2,other,other,1,1,False,False,False,False,True,False,3,1,2,1,1,1,8,11,9,10,1.0
551,F,17,R,LE3,T,1,1,at_home,other,2,3,False,True,True,True,True,False,4,3,3,1,3,5,4,15,14,15,1.5714285714285714
552,F,17,U,LE3,A,4,2,teacher,other,1,2,False,True,True,True,False,False,4,3,2,1,1,4,4,15,14,14,1.0
553,M,17,R,LE3,A,4,4,teacher,other,2,2,False,False,True,True,True,False,3,3,3,2,3,4,0,12,12,12,2.2857142857142856
554,M,16,U,GT3,T,4,4,services,services,1,1,True,True,True,True,True,False,5,3,2,1,2,5,4,14,15,15,1.2857142857142858
555,F,17,U,GT3,T,4,4,teacher,services,1,2,True,False,True,True,True,True,5,3,1,1,4,5,2,11,11,12,1.8571428571428572
556,M,17,R,GT3,T,1,1,other,other,2,3,False,False,False,True,True,True,4,3,3,1,1,1,2,13,14,15,1.0
557,F,17,U,GT3,T,3,3,services,other,2,3,False,False,True,True,True,True,4,2,2,2,3,5,10,11,11,11,2.2857142857142856
558,F,17,U,GT3,T,1,1,at_home,other,1,2,False,False,False,True,False,True,4,3,2,1,1,4,10,10,9,10,1.0
559,F,18,U,GT3,T,2,1,other,other,2,3,False,False,False,True,True,True,4,4,4,1,1,3,10,12,10,11,1.0
560,F,17,U,GT3,T,1,1,other,services,1,2,False,False,True,True,False,False,4,3,4,1,2,5,4,11,10,11,1.2857142857142858
561,M,18,R,LE3,T,3,3,other,services,1,2,False,False,True,True,True,True,4,3,3,1,3,5,8,10,9,10,1.5714285714285714
562,M,16,U,GT3,T,0,2,other,other,1,1,False,False,False,True,True,False,4,3,2,2,4,5,0,11,12,11,2.5714285714285716
563,M,18,U,GT3,T,3,2,services,other,2,1,False,False,True,False,True,False,4,4,5,2,4,5,8,7,8,7,2.5714285714285716
564,M,16,U,GT3,T,3,3,at_home,other,3,2,False,False,False,True,True,False,5,3,3,1,3,2,4,9,11,10,1.5714285714285714
565,M,18,U,GT3,T,2,1,services,services,1,1,False,False,False,False,True,False,3,2,5,2,5,5,4,7,8,6,2.857142857142857
566,F,18,U,LE3,A,2,1,other,other,1,2,False,False,False,True,True,True,4,3,4,1,3,5,2,12,12,13,1.5714285714285714
567,F,17,U,LE3,T,4,2,teacher,services,1,4,False,True,True,True,True,False,4,2,3,1,1,4,2,14,15,17,1.0
568,F,19,U,GT3,T,2,2,services,services,1,2,False,False,True,True,True,False,4,3,3,1,1,5,0,10,10,11,1.0
569,M,18,U,LE3,T,2,1,services,other,3,2,False,True,False,False,True,False,4,4,5,4,4,5,4,11,10,11,4.0
570,F,17,R,GT3,T,4,2,other,other,1,3,False,True,True,True,True,False,4,3,4,1,3,5,2,11,12,14,1.5714285714285714
571,F,18,U,LE3,T,1,1,other,at_home,1,3,False,False,False,True,False,False,4,4,3,2,3,3,4,11,12,14,2.2857142857142856
572,F,18,R,GT3,T,2,2,other,other,1,2,False,False,True,True,False,False,3,2,3,1,1,5,4,11,11,13,1.0
573,M,17,R,GT3,T,2,2,other,services,2,1,False,False,False,False,False,False,5,2,2,1,1,4,0,9,10,10,1.0
574,F,17,U,LE3,T,2,2,services,services,1,4,False,True,True,True,True,True,3,4,1,1,1,2,2,10,11,12,1.0
575,F,20,R,GT3,T,2,1,other,other,2,2,True,True,True,False,True,True,1,2,3,1,2,2,8,10,12,12,1.2857142857142858
576,F,18,U,GT3,T,4,3,services,other,1,2,False,False,True,True,True,True,3,1,2,1,3,2,2,15,15,15,1.5714285714285714
577,M,18,U,GT3,T,4,3,teacher,other,1,2,False,False,False,True,True,False,4,3,2,1,1,3,2,10,10,11,1.0
578,F,18,U,GT3,T,2,2,at_home,services,1,3,False,True,True,True,True,True,4,3,3,1,1,3,0,11,12,13,1.0
579,M,17,U,GT3,T,2,2,other,other,2,1,False,False,True,False,True,False,4,4,4,2,3,4,8,8,8,9,2.2857142857142856
580,M,18,R,LE3,A,3,4,other,other,2,2,False,True,True,True,True,False,4,2,5,3,4,1,6,15,16,16,3.2857142857142856
581,M,17,U,GT3,T,3,1,services,other,1,2,False,True,True,True,True,True,5,4,4,3,4,5,0,11,11,14,3.2857142857142856
582,F,18,R,GT3,T,4,4,teacher,other,2,2,False,True,True,True,True,False,4,3,4,2,2,4,8,10,11,12,2.0
583,M,18,U,GT3,T,4,2,health,other,1,2,False,True,True,True,True,True,5,4,5,1,3,5,4,10,12,14,1.5714285714285714
584,F,19,U,GT3,T,3,3,other,services,1,2,False,True,True,True,True,False,4,3,5,3,3,5,16,11,12,12,3.0
585,F,18,U,GT3,T,2,3,other,services,1,4,False,True,True,True,True,True,4,5,5,1,3,2,10,16,16,16,1.5714285714285714
586,F,18,U,LE3,T,1,1,other,other,2,2,False,False,False,True,False,False,4,4,3,1,1,3,2,13,13,13,1.0
587,M,17,R,GT3,T,1,2,at_home,at_home,1,2,False,True,False,True,False,True,3,5,2,2,2,1,2,16,17,18,2.0
588,F,18,U,GT3,T,2,1,other,other,1,2,False,False,True,True,True,True,4,2,5,1,2,1,8,14,14,15,1.2857142857142858
589,F,17,U,GT3,T,2,4,at_home,health,2,2,False,False,True,True,True,True,4,3,3,1,1,1,6,15,16,16,1.0
590,F,17,U,LE3,T,2,2,services,other,2,2,False,False,True,True,True,True,4,4,4,2,3,5,6,12,12,12,2.2857142857142856
591,M,18,U,GT3,T,4,4,teacher,services,2,1,False,True,True,True,True,False,3,2,4,1,4,3,6,11,12,12,1.8571428571428572
592,F,17,U,GT3,T,2,2,other,services,3,3,False,False,True,True,True,True,4,2,3,1,1,1,8,13,15,15,1.0
593,F,19,R,GT3,T,3,2,services,services,1,2,False,False,True,False,True,False,3,3,3,4,3,3,0,9,8,10,3.7142857142857144
594,M,18,U,LE3,T,4,3,teacher,services,2,1,False,True,True,True,True,False,4,2,3,1,2,1,0,10,10,10,1.2857142857142858
595,M,18,U,GT3,T,1,2,at_home,other,2,1,False,False,False,False,True,False,3,4,4,2,4,4,10,10,10,11,2.5714285714285716
596,M,17,U,LE3,A,4,1,services,other,2,1,False,True,True,True,True,True,4,5,4,2,4,5,22,11,11,10,2.5714285714285716
597,M,17,U,LE3,A,3,2,teacher,services,1,1,False,False,True,True,True,False,4,4,4,3,4,3,18,13,13,13,3.2857142857142856
598,F,18,R,LE3,T,1,1,at_home,other,2,4,False,True,True,True,False,False,5,2,2,1,1,3,2,17,17,18,1.0
599,F,18,U,GT3,T,2,1,other,other,2,2,False,True,True,True,True,True,4,3,1,1,1,5,10,12,13,14,1.0
600,M,17,U,GT3,T,1,1,other,other,1,2,False,False,False,True,True,False,4,3,3,1,2,4,0,12,12,12,1.2857142857142858
601,F,18,U,GT3,T,2,2,at_home,at_home,1,3,False,False,True,True,True,False,4,3,3,1,2,2,0,18,18,18,1.2857142857142858
602,F,17,U,GT3,T,1,1,services,teacher,1,3,False,False,True,True,True,False,4,3,3,1,1,3,0,13,13,14,1.0
603,M,18,U,GT3,T,2,1,services,services,1,3,False,True,True,True,True,False,4,2,4,1,3,2,0,14,15,15,1.5714285714285714
604,M,18,U,LE3,A,4,4,teacher,teacher,1,2,False,True,True,True,True,False,5,4,3,1,1,2,0,17,17,17,1.0
605,M,18,U,GT3,T,4,2,teacher,other,1,2,False,True,True,True,True,True,4,3,2,1,4,5,2,15,16,16,1.8571428571428572
606,F,17,U,GT3,T,4,3,health,services,1,3,False,False,True,True,True,False,4,2,2,1,2,3,0,17,18,18,1.2857142857142858
607,F,17,R,LE3,T,3,1,services,other,2,4,False,False,True,True,False,False,3,1,2,1,1,3,0,18,19,19,1.0
608,M,18,R,LE3,T,3,2,services,other,2,3,False,True,True,True,True,False,5,4,2,1,1,4,0,14,15,15,1.0
609,M,17,U,GT3,T,3,3,health,other,1,1,False,False,True,True,True,False,4,4,3,1,3,5,0,14,15,15,1.5714285714285714
610,F,19,U,GT3,T,4,4,health,other,2,2,False,True,True,True,True,False,2,3,4,2,3,2,2,14,13,13,2.2857142857142856
611,F,18,U,LE3,T,4,3,other,other,2,2,False,False,True,True,True,True,4,4,5,1,2,2,0,13,14,14,1.2857142857142858
612,F,18,U,GT3,T,4,3,other,other,1,4,False,False,True,True,True,False,4,3,3,1,1,3,0,16,17,17,1.0
613,M,18,U,LE3,T,4,4,teacher,teacher,1,1,False,False,True,True,True,True,1,4,2,2,2,1,0,18,18,17,2.0
614,F,18,U,LE3,A,4,4,health,other,1,2,True,False,True,True,True,True,4,2,4,1,1,4,0,14,15,15,1.0
615,M,17,U,LE3,T,4,4,other,teacher,2,1,False,False,True,True,True,False,4,1,1,2,2,5,0,12,13,13,2.0
616,F,17,R,GT3,T,4,4,services,services,2,3,False,True,True,True,True,False,5,3,4,1,1,5,0,7,7,8,1.0
617,F,17,U,GT3,T,4,2,other,other,2,3,False,False,True,True,True,False,4,3,3,1,1,3,0,16,16,16,1.0
618,F,17,U,GT3,T,3,2,health,health,1,4,False,True,False,True,True,False,5,2,2,1,2,5,0,18,18,18,1.2857142857142858
619,M,19,R,LE3,T,2,1,at_home,services,2,3,False,True,True,True,True,True,4,3,1,1,1,5,0,9,10,11,1.0
620,M,20,U,GT3,A,3,2,services,other,1,1,False,True,True,True,False,False,5,5,3,1,1,5,0,14,15,15,1.0
621,M,19,R,GT3,T,3,3,other,services,1,2,False,True,True,True,False,True,4,5,3,1,2,5,0,10,10,11,1.2857142857142858
622,F,18,U,GT3,T,1,4,other,teacher,1,2,False,False,False,True,False,True,3,4,4,1,2,5,2,10,10,11,1.2857142857142858
623,F,18,U,GT3,T,2,1,services,other,2,2,False,True,True,True,True,False,5,3,3,1,2,1,2,12,12,15,1.2857142857142858
624,F,17,U,GT3,T,2,3,other,other,2,2,False,True,True,True,True,True,4,2,1,1,1,3,2,11,12,14,1.0
625,F,17,R,GT3,T,4,4,teacher,teacher,1,1,False,True,True,True,True,False,4,4,4,1,1,5,2,15,16,17,1.0
626,F,18,U,GT3,T,4,3,other,other,1,3,False,True,True,True,True,True,4,3,4,1,1,5,2,14,15,17,1.0
627,F,18,U,LE3,T,4,3,health,services,2,1,False,False,True,True,True,False,3,2,4,1,4,1,8,12,12,15,1.8571428571428572
628,F,17,R,GT3,T,3,4,at_home,services,1,3,False,True,False,True,True,False,4,3,4,2,5,5,2,15,15,17,2.857142857142857
629,F,18,U,GT3,T,3,3,at_home,other,1,2,False,False,True,True,True,False,4,1,4,1,1,3,8,11,12,14,1.0
630,M,19,U,GT3,T,4,2,health,other,2,2,False,True,True,True,True,True,5,4,4,1,1,1,9,11,10,10,1.0
631,F,18,U,GT3,T,4,4,teacher,other,1,2,False,False,True,True,True,False,4,4,4,3,3,5,0,12,11,13,3.0
632,F,18,U,GT3,T,3,4,other,other,1,1,False,True,True,True,True,True,5,4,4,1,1,1,4,11,12,14,1.0
633,F,17,U,GT3,T,4,4,health,health,1,1,False,True,True,True,True,False,5,3,4,1,2,5,2,14,15,17,1.2857142857142858
634,F,17,U,GT3,A,4,3,services,services,1,2,False,False,True,True,True,True,5,2,2,1,2,5,14,15,14,17,1.2857142857142858
635,F,17,U,LE3,A,3,3,services,other,1,2,False,False,True,True,True,False,5,3,3,1,1,5,0,12,12,13,1.0
636,F,17,U,LE3,T,2,1,other,other,1,2,False,True,True,True,True,False,4,2,3,2,2,2,2,11,12,14,2.0
637,M,18,U,LE3,T,4,4,other,other,1,1,False,False,True,True,True,False,4,2,5,3,4,5,2,8,9,11,3.2857142857142856
638,F,19,U,GT3,T,1,1,other,other,3,3,False,True,True,False,False,True,1,5,5,4,3,5,12,10,10,11,3.7142857142857144
639,F,19,U,LE3,A,1,1,other,other,3,2,False,False,False,True,True,True,5,3,4,1,1,4,2,8,8,9,1.0
640,F,18,U,GT3,T,2,2,other,other,1,1,False,True,True,True,True,True,4,3,5,2,4,5,2,10,10,10,2.5714285714285716
641,F,17,R,LE3,T,2,2,services,services,1,3,False,True,True,True,True,False,3,3,2,2,2,3,0,11,11,10,2.0
642,F,18,U,GT3,T,1,1,other,other,2,3,False,True,True,True,True,False,4,5,5,1,2,2,0,14,14,14,1.2857142857142858
643,F,17,U,GT3,T,4,4,teacher,services,1,3,False,True,True,True,True,False,5,4,4,1,3,4,0,13,12,13,1.5714285714285714
644,F,17,U,GT3,T,4,4,teacher,teacher,2,3,False,False,False,True,True,True,4,3,3,1,2,4,4,15,14,15,1.2857142857142858
645,F,17,U,GT3,T,3,3,at_home,other,1,1,True,True,True,True,True,False,4,2,5,2,5,5,2,11,12,11,2.857142857142857
646,M,18,U,LE3,T,2,2,other,other,1,4,True,True,True,True,True,False,4,5,5,2,4,5,0,11,11,12,2.5714285714285716
647,M,19,R,GT3,T,3,2,at_home,services,1,1,False,False,False,True,False,True,5,3,4,2,2,5,0,11,10,10,2.0
648,F,18,U,GT3,T,2,2,at_home,other,4,2,False,True,True,True,False,True,4,2,5,1,1,2,2,10,9,10,1.0
649,M,18,U,GT3,T,2,2,other,other,1,1,False,False,False,True,True,False,5,4,2,1,2,5,6,15,14,15,1.2857142857142858
650,F,17,U,GT3,T,3,2,other,other,1,2,False,False,True,True,True,True,4,3,2,2,3,2,0,12,13,15,2.2857142857142856
651,F,17,R,GT3,A,3,2,other,other,1,2,False,False,True,True,True,False,4,3,3,2,3,2,0,14,14,16,2.2857142857142856
652,M,18,U,GT3,T,4,4,teacher,services,1,2,False,True,True,True,True,False,4,3,3,2,2,2,0,12,12,13,2.0
653,F,17,U,GT3,A,2,2,at_home,at_home,1,2,False,False,True,True,True,True,3,3,1,1,2,4,18,10,12,14,1.2857142857142858
654,M,18,U,GT3,T,4,3,teacher,other,1,3,False,False,True,True,True,True,5,4,5,2,3,5,0,14,13,14,2.2857142857142856
655,F,17,U,GT3,T,4,3,health,other,1,3,False,True,True,True,True,True,4,4,3,1,3,4,0,11,12,13,1.5714285714285714
656,F,17,U,GT3,T,2,1,services,other,2,2,False,True,True,True,True,True,4,3,4,2,2,1,10,12,15,15,2.0
657,F,17,U,GT3,T,2,1,services,other,1,2,False,True,True,True,True,False,4,3,5,2,4,4,4,12,16,16,2.5714285714285716
658,F,19,U,LE3,A,2,3,at_home,other,2,1,False,False,True,False,True,False,2,2,3,3,4,5,16,10,11,11,3.2857142857142856
659,F,17,U,GT3,T,3,1,other,at_home,1,1,True,False,True,True,True,True,4,1,2,1,1,3,6,10,13,13,1.0
660,F,21,U,LE3,T,4,4,other,other,1,3,True,True,True,True,True,False,3,3,2,1,1,5,0,9,12,12,1.0
661,M,18,U,LE3,T,2,2,services,services,1,2,False,True,False,False,True,False,4,4,4,1,3,3,11,9,11,12,1.5714285714285714
662,M,18,U,LE3,A,3,4,other,other,1,2,False,True,True,True,True,True,4,3,5,1,4,2,9,13,14,15,1.8571428571428572
663,F,17,U,GT3,T,2,2,services,services,1,2,False,True,True,True,True,False,4,3,4,1,3,4,0,13,17,17,1.5714285714285714
664,M,17,U,LE3,A,4,4,health,other,1,3,False,False,True,True,True,False,4,4,2,1,2,4,2,12,15,15,1.2857142857142858
665,F,18,U,LE3,T,4,2,teacher,other,1,2,False,True,True,True,True,False,4,2,2,1,1,3,0,14,17,17,1.0
666,M,21,R,LE3,T,1,1,at_home,other,2,2,False,True,True,False,True,True,5,3,3,5,2,4,21,9,10,10,4.142857142857143
667,F,20,R,GT3,T,1,1,other,other,2,3,False,False,True,True,True,True,3,2,2,1,3,3,8,11,15,15,1.5714285714285714
668,F,19,U,GT3,T,4,4,teacher,other,1,1,False,False,True,True,True,True,3,2,5,4,4,5,5,9,10,11,4.0
669,M,17,U,LE3,A,3,2,other,other,1,2,False,False,True,True,True,False,4,4,4,1,2,5,10,16,18,18,1.2857142857142858
670,F,18,U,GT3,T,3,2,at_home,other,1,3,False,False,True,True,True,True,4,3,4,1,2,2,5,14,17,17,1.2857142857142858
671,M,18,R,GT3,T,2,3,other,services,1,1,False,False,True,True,True,False,3,1,3,4,5,4,13,13,14,14,4.285714285714286
672,M,19,U,GT3,T,2,1,other,other,1,1,False,False,True,True,True,False,5,3,4,1,4,4,10,7,11,11,1.8571428571428572
673,F,18,U,LE3,A,2,2,services,other,2,2,False,False,True,True,True,False,4,1,4,1,3,4,10,14,17,17,1.5714285714285714
674,F,20,U,GT3,T,1,0,other,other,2,1,False,False,True,True,True,True,5,3,1,1,1,5,5,8,10,10,1.0
675,F,18,U,GT3,T,3,2,services,other,1,2,False,True,False,True,True,True,3,1,2,1,2,1,4,10,13,13,1.2857142857142858
676,F,16,U,GT3,T,1,3,at_home,other,2,1,False,False,True,False,True,True,4,3,3,1,3,5,11,10,11,11,1.5714285714285714
677,F,16,R,GT3,T,2,2,other,other,2,2,False,True,True,True,True,False,4,4,4,1,1,5,0,12,12,12,1.0
678,F,15,R,GT3,T,1,1,at_home,services,1,1,False,False,True,True,False,True,4,1,3,1,1,2,6,10,10,10,1.0
679,F,15,R,GT3,T,3,3,at_home,other,2,1,False,False,True,True,True,False,5,4,4,2,3,5,4,10,10,11,2.2857142857142856
680,F,16,R,GT3,T,2,3,at_home,services,2,2,False,False,True,True,False,False,4,5,2,1,2,5,0,16,17,17,1.2857142857142858
681,F,15,R,LE3,T,2,1,at_home,other,2,1,False,False,True,False,False,False,1,3,4,1,1,1,0,6,8,9,1.0
682,M,16,R,LE3,A,4,4,at_home,other,1,2,False,False,True,True,False,False,5,3,2,1,3,2,5,10,11,11,1.5714285714285714
683,M,16,U,GT3,A,1,2,other,other,1,3,False,False,True,True,True,False,4,4,3,1,1,5,0,10,11,11,1.0
684,F,17,R,GT3,T,3,2,at_home,other,1,2,False,False,True,True,False,True,4,5,4,1,2,5,0,10,10,10,1.2857142857142858
685,F,17,R,GT3,T,1,1,other,other,1,1,False,False,False,False,True,False,5,4,4,2,2,5,0,6,6,7,2.0
686,F,15,R,GT3,T,4,4,teacher,other,2,1,False,False,True,True,True,True,1,5,1,3,5,5,0,13,14,14,3.5714285714285716
687,F,16,U,LE3,A,2,2,at_home,other,2,4,False,True,False,False,False,True,1,2,1,1,1,1,4,10,9,11,1.0
688,F,15,R,LE3,T,1,1,at_home,services,2,2,False,False,True,True,True,False,5,4,3,1,2,4,0,10,10,10,1.2857142857142858
689,F,15,R,LE3,T,1,1,other,services,2,1,False,False,True,True,True,True,4,4,3,1,2,2,4,6,7,8,1.2857142857142858
690,F,16,R,GT3,T,0,2,other,other,2,1,False,True,True,True,False,False,3,2,3,1,2,2,0,12,11,12,1.2857142857142858
691,F,17,R,GT3,T,2,3,other,other,2,1,False,False,True,True,True,False,5,5,5,1,3,3,2,10,11,12,1.5714285714285714
692,F,15,R,GT3,T,3,3,other,services,2,1,False,False,False,True,True,False,4,1,3,1,1,4,0,14,16,16,1.0
693,M,16,U,GT3,T,1,1,at_home,services,2,2,False,True,True,True,False,True,5,4,5,4,5,3,0,7,0,0,4.285714285714286
694,M,17,U,GT3,T,1,1,other,other,1,2,True,False,False,True,True,False,4,4,3,2,4,5,4,8,9,9,2.5714285714285716
695,M,15,R,LE3,T,4,1,health,services,1,2,False,True,True,True,True,False,5,3,4,1,2,2,0,12,13,14,1.2857142857142858
696,M,16,R,GT3,T,3,4,other,health,3,2,False,False,False,True,False,False,3,4,5,1,2,5,4,9,10,11,1.2857142857142858
697,M,15,R,GT3,T,1,1,other,other,4,2,False,True,True,True,False,True,5,4,5,2,4,4,8,7,9,9,2.5714285714285716
698,M,15,U,LE3,T,3,3,at_home,at_home,1,2,False,True,True,True,True,False,5,3,3,1,1,5,0,11,11,11,1.0
699,M,17,R,GT3,T,2,1,other,other,3,1,False,True,True,False,False,True,5,5,5,5,5,3,8,8,10,9,5.0
700,F,16,R,GT3,T,4,4,teacher,teacher,2,3,False,True,True,True,True,True,4,2,2,1,1,4,6,16,16,17,1.0
701,F,15,R,GT3,T,1,2,other,services,2,1,False,False,True,True,False,False,5,1,2,1,1,1,3,11,13,13,1.0
702,F,16,R,GT3,T,2,3,other,services,3,2,False,False,True,True,True,False,4,5,4,1,2,1,2,15,15,15,1.2857142857142858
703,M,16,R,GT3,T,1,2,other,other,2,2,False,False,True,True,False,False,4,3,3,1,1,5,0,10,11,11,1.0
704,F,16,R,GT3,T,2,2,other,other,3,2,False,False,True,True,True,False,4,4,5,1,1,4,4,9,10,11,1.0
705,F,16,U,GT3,T,1,2,other,services,1,3,False,False,True,True,False,False,1,3,2,1,2,4,0,10,8,8,1.2857142857142858
706,F,15,U,GT3,T,2,1,at_home,other,1,2,False,False,False,True,True,False,4,4,2,3,3,2,0,9,10,9,3.0
707,F,16,U,GT3,T,1,1,at_home,other,1,2,False,False,False,True,False,True,5,4,3,2,1,2,0,13,14,15,1.7142857142857142
708,M,17,R,LE3,T,1,2,at_home,services,1,1,False,True,True,True,True,False,5,5,5,5,5,3,4,10,11,11,5.0
709,F,16,R,GT3,T,1,1,other,other,4,4,False,False,False,True,True,False,4,3,2,1,1,1,0,13,10,13,1.0
710,F,16,R,GT3,T,1,1,at_home,other,4,3,False,False,True,True,False,False,4,4,3,1,1,5,2,10,9,10,1.0
711,F,15,R,GT3,T,1,1,at_home,other,2,2,False,True,True,True,True,False,4,3,3,1,1,2,1,11,10,11,1.0
712,F,16,R,GT3,T,1,1,at_home,other,2,1,False,True,True,True,True,True,4,2,2,4,3,2,0,13,12,14,3.7142857142857144
713,F,15,R,GT3,T,1,1,at_home,at_home,3,2,False,False,True,True,False,False,4,2,1,1,2,2,0,13,14,14,1.2857142857142858
714,F,15,R,LE3,T,2,2,other,other,1,3,False,False,True,True,False,False,4,4,3,2,2,5,2,14,11,12,2.0
715,M,16,R,GT3,T,1,1,at_home,other,2,1,False,True,True,True,False,False,3,4,4,3,4,5,6,11,11,11,3.2857142857142856
716,F,18,U,GT3,T,1,2,other,other,1,2,False,True,True,True,True,True,3,4,4,2,3,5,9,9,8,8,2.2857142857142856
717,M,15,U,GT3,T,3,1,other,services,2,1,False,False,True,True,False,False,3,2,3,1,3,4,0,10,9,11,1.5714285714285714
718,F,16,R,GT3,T,2,2,other,services,3,2,False,True,True,True,True,False,5,3,4,1,1,2,1,14,13,14,1.0
719,M,15,U,GT3,T,2,2,health,other,3,1,False,False,True,True,False,False,4,3,3,1,2,4,1,13,12,13,1.2857142857142858
720,M,16,U,GT3,T,4,4,other,teacher,1,2,False,True,True,True,False,True,4,3,1,1,1,3,0,13,12,13,1.0
721,F,15,R,GT3,T,3,3,services,other,1,2,False,False,True,True,True,True,4,5,4,1,1,1,4,13,12,12,1.0
722,F,16,R,GT3,T,2,2,at_home,other,2,2,False,True,False,True,False,False,4,4,4,2,3,5,2,12,11,12,2.2857142857142856
723,F,16,R,LE3,T,2,2,other,other,3,1,False,True,True,True,False,True,4,3,2,1,1,4,0,14,14,16,1.0
724,M,16,U,LE3,T,2,1,at_home,services,2,1,False,True,True,True,True,False,2,4,3,2,3,4,4,10,8,10,2.2857142857142856
725,M,15,R,LE3,T,1,3,at_home,other,3,1,False,True,True,True,True,False,4,2,4,3,5,3,2,10,11,11,3.5714285714285716
726,F,15,U,GT3,T,2,2,other,services,2,3,False,True,True,True,False,False,5,3,2,1,1,4,0,12,13,14,1.0
727,F,16,R,LE3,T,2,1,other,other,1,1,False,False,True,True,True,True,5,4,3,1,1,5,2,10,8,8,1.0
728,M,15,U,GT3,T,3,3,services,services,2,1,False,True,False,True,True,False,4,3,3,2,4,3,11,12,10,11,2.5714285714285716
729,F,16,R,GT3,T,1,1,at_home,other,2,2,False,False,True,True,False,False,3,4,3,1,1,1,0,7,7,8,1.0
730,F,17,U,GT3,T,2,2,other,at_home,1,1,False,True,True,False,False,False,4,5,3,1,1,5,4,9,9,10,1.0
731,F,19,U,GT3,T,2,3,at_home,services,1,1,False,False,True,False,True,True,4,4,4,1,1,2,0,9,9,10,1.0
732,F,17,R,GT3,T,2,1,at_home,other,3,1,False,True,True,False,False,True,5,5,3,1,1,3,2,9,10,11,1.0
733,F,15,R,LE3,T,1,1,at_home,other,2,1,False,False,True,False,False,True,5,2,1,1,3,4,0,9,10,9,1.5714285714285714
734,F,16,R,GT3,T,2,2,other,other,3,2,False,False,True,False,True,False,3,4,5,1,2,1,1,9,10,11,1.2857142857142858
735,F,16,U,LE3,A,2,2,other,other,1,1,False,False,True,False,False,False,4,3,4,1,2,1,6,7,7,8,1.2857142857142858
736,F,17,R,GT3,T,2,2,at_home,other,2,2,False,False,True,True,True,False,4,3,5,1,2,4,0,11,10,11,1.2857142857142858
737,F,16,U,GT3,T,2,2,other,services,1,1,True,True,False,True,True,False,4,4,3,1,4,3,1,9,10,10,1.8571428571428572
738,F,18,R,LE3,A,3,2,other,other,2,3,False,False,False,False,False,True,3,3,2,1,1,2,6,7,9,10,1.0
739,F,19,U,GT3,T,1,1,at_home,services,1,3,False,True,True,False,False,True,5,3,1,1,1,3,6,7,9,9,1.0
740,M,18,R,GT3,T,1,1,other,other,2,1,False,True,True,False,True,False,4,4,3,3,4,4,0,8,9,10,3.2857142857142856
741,F,18,R,GT3,T,1,1,at_home,at_home,2,1,False,False,False,False,True,True,3,2,3,1,1,2,4,9,11,10,1.0
742,F,19,U,GT3,T,1,1,other,other,2,2,False,False,True,True,True,True,1,1,4,4,1,1,12,7,8,9,3.142857142857143
743,F,16,R,GT3,A,2,2,health,other,1,2,False,False,False,True,False,True,3,3,2,1,1,3,2,8,10,10,1.0
744,F,17,U,GT3,T,0,1,other,at_home,2,1,False,True,False,True,False,False,2,4,4,3,5,5,5,9,9,10,3.5714285714285716
745,F,16,R,LE3,T,1,2,at_home,other,1,2,False,True,True,False,True,False,4,4,5,1,3,3,0,8,9,9,1.5714285714285714
746,F,16,U,GT3,T,3,3,other,other,1,1,False,True,True,False,True,True,4,5,4,1,1,4,0,14,13,13,1.0
747,F,16,R,LE3,T,1,1,services,services,1,1,False,True,True,True,True,True,4,4,4,2,2,4,2,14,14,14,2.0
748,M,17,U,GT3,T,3,3,services,at_home,2,4,True,True,True,True,False,False,5,4,5,3,4,5,0,10,11,10,3.2857142857142856
749,F,16,U,GT3,T,2,1,other,services,1,2,False,True,True,True,True,False,5,3,3,1,1,1,0,14,13,14,1.0
750,F,16,U,GT3,T,2,2,services,other,1,1,True,True,True,True,False,True,4,2,5,1,2,5,0,17,16,16,1.2857142857142858
751,M,17,U,GT3,T,1,2,other,other,1,1,False,True,True,False,True,True,5,3,5,5,5,1,12,6,7,7,5.0
752,M,16,U,LE3,T,4,3,other,other,1,1,False,True,True,True,True,False,4,2,5,1,5,5,8,14,12,13,2.142857142857143
753,M,17,R,LE3,T,2,2,services,services,3,4,False,False,True,True,False,False,1,3,5,3,5,3,2,10,8,9,3.5714285714285716
754,F,16,U,GT3,T,1,1,other,other,1,4,False,True,True,True,True,False,2,2,1,1,1,5,0,14,14,14,1.0
755,F,19,U,LE3,T,2,2,other,other,1,3,False,False,True,True,True,True,5,4,5,1,1,1,0,12,13,13,1.0
756,F,17,R,GT3,T,1,1,at_home,other,2,1,False,True,False,True,True,True,4,4,5,1,2,5,0,11,11,11,1.2857142857142858
757,F,20,U,GT3,T,3,3,at_home,services,2,2,False,True,True,True,True,True,3,3,4,2,4,3,8,11,9,10,2.5714285714285716
758,F,17,U,LE3,T,1,1,other,services,1,3,False,False,True,True,False,True,4,3,3,1,1,3,0,11,11,10,1.0
759,M,17,R,GT3,T,2,2,other,other,3,1,False,False,False,True,True,False,4,4,5,1,2,5,0,10,9,9,1.2857142857142858
760,F,16,R,LE3,T,1,1,at_home,other,3,2,False,False,True,True,False,False,5,3,2,1,1,1,0,16,17,18,1.0
761,F,17,R,GT3,T,2,2,other,other,2,2,False,True,True,True,False,False,5,3,2,1,1,1,0,15,17,17,1.0
762,F,17,U,GT3,A,1,0,other,other,2,2,False,False,True,True,True,True,4,4,5,1,1,4,1,11,9,10,1.0
763,F,18,R,GT3,T,1,1,at_home,other,1,2,False,False,True,True,True,True,4,3,2,1,1,5,9,7,7,7,1.0
764,F,16,U,GT3,T,3,1,other,other,1,1,False,True,True,True,True,False,3,1,3,1,3,1,0,8,6,8,1.5714285714285714
765,F,16,U,GT3,T,3,2,services,at_home,1,1,False,False,True,True,True,False,3,1,3,1,4,3,2,7,6,7,1.8571428571428572
766,F,18,U,LE3,T,1,1,other,at_home,2,2,False,False,True,True,False,False,2,3,5,1,4,3,8,9,8,10,1.8571428571428572
767,F,16,R,GT3,T,4,4,health,teacher,1,2,False,True,False,True,True,True,4,3,3,2,3,2,0,14,16,16,2.2857142857142856
768,F,16,R,LE3,T,1,2,other,other,2,1,False,True,True,True,True,False,5,4,5,1,4,2,0,14,14,15,1.8571428571428572
769,F,18,U,GT3,A,2,4,other,services,1,2,False,False,True,True,True,False,2,3,2,1,3,1,8,8,5,8,1.5714285714285714
770,M,16,R,GT3,T,2,1,other,services,2,2,False,True,True,True,True,False,5,2,1,1,1,2,0,8,7,0,1.0
771,F,16,U,LE3,T,1,1,at_home,other,3,2,False,False,True,True,True,False,4,3,2,1,3,5,6,6,8,8,1.5714285714285714
772,F,16,R,GT3,T,2,3,at_home,services,2,2,False,True,True,True,True,False,3,3,3,1,1,2,0,8,10,10,1.0
773,F,16,U,GT3,T,4,4,health,health,1,2,False,False,True,True,True,True,4,3,4,1,2,3,4,8,8,8,1.2857142857142858
774,M,18,U,LE3,T,4,4,at_home,health,1,4,False,True,True,False,True,True,5,5,5,5,5,5,2,5,6,6,5.0
775,F,16,R,LE3,T,3,4,at_home,other,3,2,False,False,False,True,False,False,4,2,1,1,1,2,2,7,9,8,1.0
776,M,17,U,LE3,T,4,4,other,services,1,3,False,False,True,True,True,False,4,4,3,1,2,5,0,15,14,16,1.2857142857142858
777,F,17,R,GT3,T,4,1,other,other,1,1,False,False,True,True,True,True,4,2,3,1,2,5,1,13,14,14,1.2857142857142858
778,M,16,U,LE3,T,2,2,services,services,4,3,False,False,True,True,False,False,5,1,3,2,2,3,0,10,9,10,2.0
779,F,17,R,GT3,T,2,2,at_home,other,1,1,True,False,True,True,True,False,5,1,3,1,2,5,5,9,9,9,1.2857142857142858
780,F,16,U,LE3,T,4,4,services,services,2,1,False,False,True,True,False,False,5,1,3,1,2,5,1,11,11,11,1.2857142857142858
781,M,17,U,GT3,T,3,3,services,services,1,1,False,True,True,True,True,False,4,1,4,5,5,3,8,7,10,9,5.0
782,M,17,U,GT3,T,1,1,at_home,services,3,2,False,False,True,True,True,True,5,1,3,3,3,1,0,10,10,10,3.0
783,M,16,U,GT3,T,2,1,health,services,2,2,False,False,False,True,True,True,4,2,2,1,4,5,2,9,7,8,1.8571428571428572
784,F,16,U,LE3,T,2,1,other,services,1,2,False,False,True,True,True,True,3,2,2,1,1,3,0,14,15,16,1.0
785,M,16,U,LE3,T,4,4,teacher,health,1,1,False,False,True,True,True,False,4,1,2,2,5,5,0,11,12,12,2.857142857142857
786,M,15,R,GT3,T,1,2,other,services,3,2,False,True,True,True,False,False,5,5,5,1,3,5,11,9,11,10,1.5714285714285714
787,M,15,U,LE3,A,2,2,other,other,3,4,False,True,True,True,False,False,5,4,5,2,3,5,8,13,14,14,2.2857142857142856
788,M,15,U,LE3,A,2,1,services,services,1,1,False,True,True,True,True,False,4,3,3,1,2,5,11,12,13,12,1.2857142857142858
789,F,16,R,LE3,T,2,2,other,other,1,3,False,False,False,True,False,True,4,3,3,2,2,5,2,11,11,11,2.0
790,F,16,U,LE3,T,4,1,other,other,2,2,False,True,True,True,True,False,1,2,4,2,2,1,8,9,10,10,2.0
791,F,17,U,GT3,T,3,2,at_home,other,2,1,False,False,True,True,False,True,4,3,3,2,2,1,5,9,11,11,2.0
792,F,17,R,GT3,T,2,2,other,other,2,2,True,False,True,True,False,False,5,1,3,1,1,5,0,11,9,11,1.0
793,F,16,U,GT3,T,4,4,teacher,services,2,3,False,False,True,True,True,True,5,3,5,1,4,5,1,10,11,12,1.8571428571428572
794,M,17,R,GT3,T,4,4,health,other,3,1,False,True,True,True,True,True,3,3,3,1,3,5,2,9,9,8,1.5714285714285714
795,M,17,R,LE3,T,1,3,other,other,2,1,False,True,True,True,False,True,5,1,2,3,3,5,2,12,11,12,3.0
796,M,17,U,GT3,T,3,4,services,other,1,2,False,True,False,True,True,True,5,4,4,3,4,5,8,8,9,8,3.2857142857142856
797,F,17,U,GT3,T,4,4,health,health,1,2,False,False,True,True,True,False,5,2,5,1,1,5,0,13,15,16,1.0
798,M,16,R,LE3,T,4,1,other,at_home,1,1,False,False,True,True,True,False,4,1,2,2,1,2,0,10,11,11,1.7142857142857142
799,F,17,U,GT3,A,1,1,at_home,at_home,1,2,False,True,True,True,True,True,4,5,5,1,2,3,2,11,10,11,1.2857142857142858
800,F,17,R,GT3,T,4,2,other,other,2,2,False,False,False,True,True,False,4,3,3,2,3,5,0,17,18,18,2.2857142857142856
801,M,16,U,LE3,A,2,2,other,services,2,2,False,False,False,True,True,True,4,1,2,2,2,5,0,12,13,13,2.0
802,M,17,U,GT3,T,3,2,other,other,2,2,True,False,True,True,True,False,4,1,2,2,2,1,0,13,14,13,2.0
803,M,19,U,GT3,T,1,1,other,other,1,2,False,True,True,False,True,False,4,4,3,3,4,4,2,9,9,10,3.2857142857142856
804,M,17,U,LE3,A,1,0,other,other,1,1,False,False,True,True,False,True,4,1,2,1,1,5,4,11,11,12,1.0
805,F,17,R,GT3,T,1,1,at_home,at_home,2,1,False,True,True,False,True,True,3,5,5,2,2,4,3,10,11,10,2.0
806,F,16,R,GT3,T,1,2,other,other,1,3,False,False,False,True,True,True,4,3,4,1,1,3,5,13,14,13,1.0
807,M,16,R,LE3,T,1,2,other,at_home,1,1,False,False,True,True,False,False,4,4,4,2,4,5,4,9,10,11,2.5714285714285716
808,F,17,R,GT3,T,3,1,other,other,2,2,False,True,False,True,True,True,5,4,4,1,1,5,2,7,9,10,1.0
809,M,17,R,GT3,T,2,2,other,other,2,1,False,True,True,False,False,True,5,5,5,3,5,5,0,8,13,10,3.5714285714285716
810,M,18,R,GT3,T,1,0,at_home,at_home,3,1,False,False,True,True,False,False,4,3,2,1,1,4,0,12,12,13,1.0
811,M,17,R,GT3,T,1,1,other,services,2,1,False,True,False,True,True,True,4,5,5,1,3,2,0,10,9,10,1.5714285714285714
812,M,18,U,LE3,T,1,1,at_home,at_home,2,2,False,True,True,True,False,False,4,3,3,1,4,5,6,10,9,10,1.8571428571428572
813,F,16,R,LE3,T,2,2,other,services,1,2,False,True,True,True,False,True,5,4,3,1,1,1,0,11,13,12,1.0
814,M,17,U,GT3,T,2,2,other,other,1,1,False,True,True,True,False,True,1,2,1,2,3,5,0,7,0,0,2.2857142857142856
815,M,16,R,GT3,T,3,2,services,other,2,1,False,False,True,True,True,False,4,5,5,2,3,5,2,11,9,10,2.2857142857142856
816,M,16,R,LE3,T,1,1,at_home,other,2,1,False,True,True,True,True,False,4,5,5,2,4,5,0,10,10,9,2.5714285714285716
817,M,18,R,GT3,T,1,1,services,other,2,1,False,False,True,False,True,True,5,3,3,2,3,5,2,9,7,9,2.2857142857142856
818,M,18,R,GT3,T,3,2,services,other,1,1,False,False,True,False,True,False,2,3,1,2,2,5,0,4,0,0,2.0
819,M,19,U,GT3,T,3,2,at_home,services,2,1,False,True,True,True,False,False,3,2,1,1,1,3,4,6,11,9,1.0
820,M,18,U,GT3,T,3,3,at_home,at_home,1,2,False,True,True,False,True,False,4,4,5,1,3,3,9,4,8,8,1.5714285714285714
821,M,16,R,GT3,T,2,2,services,services,2,1,False,True,True,True,True,True,5,4,3,2,4,4,6,7,8,8,2.5714285714285716
822,M,19,U,GT3,T,2,1,at_home,other,2,1,False,True,False,False,True,True,4,4,3,1,3,5,4,8,9,9,1.5714285714285714
823,F,16,U,GT3,A,3,2,services,at_home,2,2,False,True,True,True,False,True,2,5,5,1,1,1,8,5,5,7,1.0
824,F,17,U,GT3,T,1,1,other,at_home,1,1,False,True,True,True,False,False,4,3,2,1,2,5,9,7,9,10,1.2857142857142858
825,M,20,R,GT3,T,1,1,other,other,2,1,False,False,True,False,True,True,4,4,3,2,4,4,12,8,11,10,2.5714285714285716
826,F,18,R,GT3,A,4,3,services,services,1,1,False,False,True,True,True,False,5,4,4,3,4,2,8,10,11,10,3.2857142857142856
827,M,18,R,GT3,T,3,2,other,other,2,1,False,False,False,True,True,False,2,5,5,5,5,5,8,9,10,11,5.0
828,M,19,R,GT3,T,1,1,other,services,3,2,False,False,True,True,True,False,5,4,4,3,3,2,8,10,9,11,3.0
829,M,17,U,GT3,T,3,3,health,other,2,2,False,False,True,True,True,False,4,5,4,2,3,3,4,8,9,10,2.2857142857142856
830,M,18,U,LE3,T,1,3,at_home,services,1,1,False,False,True,False,True,True,4,3,3,2,3,3,0,9,10,9,2.2857142857142856
831,F,18,U,GT3,A,1,2,at_home,other,2,2,False,False,True,True,False,False,4,3,3,1,1,5,2,6,8,8,1.0
832,F,19,U,LE3,A,1,1,at_home,other,1,1,False,False,True,False,False,False,1,4,4,1,1,5,0,6,8,7,1.0
833,F,18,R,GT3,T,2,2,other,other,2,1,False,False,True,False,True,True,5,5,5,1,1,3,0,8,6,0,1.0
834,F,17,R,GT3,T,0,0,at_home,other,2,1,False,False,True,True,True,False,4,4,3,1,1,5,0,10,11,11,1.0
835,F,17,R,LE3,A,3,1,other,at_home,2,3,True,False,True,False,False,False,4,2,3,2,2,3,5,8,7,8,2.0
836,F,17,U,GT3,T,4,2,teacher,services,1,2,False,True,True,True,True,False,5,5,5,1,3,5,0,8,8,0,1.5714285714285714
837,F,18,R,LE3,T,2,2,services,services,1,2,False,True,True,True,True,False,2,3,3,1,2,4,3,7,6,8,1.2857142857142858
838,F,17,U,GT3,T,4,1,health,at_home,1,1,False,False,True,True,False,True,3,2,2,1,1,5,0,8,10,9,1.0
839,F,17,U,LE3,T,1,2,at_home,other,1,1,False,False,True,True,True,False,5,5,1,1,1,3,0,7,10,10,1.0
840,F,18,U,GT3,T,1,1,other,other,3,2,False,True,True,True,False,True,3,4,4,2,2,5,3,7,8,7,2.0
841,F,18,U,GT3,T,2,2,services,at_home,2,2,False,True,False,True,True,False,4,3,5,1,1,1,2,12,13,14,1.0
842,F,17,U,GT3,T,3,3,services,services,2,1,False,False,True,True,True,False,4,4,3,1,1,4,0,11,12,13,1.0
843,F,18,U,LE3,A,1,2,at_home,other,2,2,False,False,True,True,True,False,4,4,3,1,2,4,0,12,13,14,1.2857142857142858
844,F,18,U,GT3,T,4,4,teacher,teacher,2,2,False,True,False,True,True,False,4,3,5,1,2,1,0,18,18,18,1.2857142857142858
845,M,18,U,LE3,T,4,4,services,other,1,1,False,True,True,True,True,False,5,4,5,1,1,5,3,17,17,17,1.0
846,F,17,U,GT3,T,4,2,other,other,2,2,False,False,True,True,True,False,4,3,3,1,2,4,0,17,18,18,1.2857142857142858
847,F,18,R,GT3,T,2,2,at_home,other,3,2,False,True,True,True,False,True,4,3,3,1,1,4,0,9,0,0,1.0
848,M,18,U,LE3,T,1,2,at_home,services,2,1,False,False,False,True,False,False,4,1,4,5,5,1,8,10,11,11,5.0
849,M,18,R,GT3,T,4,4,at_home,services,3,1,True,True,True,True,True,True,2,5,5,1,1,1,5,12,13,14,1.0
850,M,17,R,GT3,T,1,1,other,services,3,1,False,False,False,False,False,False,4,2,3,3,4,4,4,12,13,14,3.2857142857142856
851,F,18,U,GT3,T,2,2,other,other,2,2,False,False,False,True,True,True,1,3,1,1,1,2,4,8,8,10,1.0
852,F,18,U,LE3,T,2,2,services,services,2,3,False,False,True,True,True,True,5,4,5,1,4,3,0,11,12,13,1.8571428571428572
853,F,18,R,LE3,A,4,2,teacher,other,1,2,False,True,True,True,True,True,5,3,1,1,1,5,0,5,0,0,1.0
854,F,18,U,GT3,T,1,1,at_home,services,3,2,False,False,True,False,False,False,4,4,2,1,2,2,2,9,10,10,1.2857142857142858
855,F,19,U,GT3,T,1,1,at_home,services,2,1,False,False,True,False,False,False,5,5,5,2,3,2,0,5,0,0,2.2857142857142856
856,F,17,U,GT3,T,4,2,teacher,other,2,4,False,False,True,True,True,True,4,2,3,3,1,5,0,18,18,18,2.4285714285714284
857,F,17,R,LE3,A,2,1,services,other,2,2,False,True,True,True,True,True,5,3,3,1,2,2,5,11,11,12,1.2857142857142858
858,F,18,U,LE3,A,1,1,at_home,services,1,2,False,False,True,True,False,True,5,2,3,1,2,3,2,8,10,11,1.2857142857142858
859,F,18,U,GT3,T,1,2,at_home,at_home,2,2,False,False,True,False,False,False,4,1,1,1,1,4,0,11,11,12,1.0
860,F,19,R,GT3,A,1,1,at_home,at_home,2,2,False,True,True,False,False,True,3,5,4,1,4,1,0,8,0,0,1.8571428571428572
861,F,18,R,GT3,T,2,2,services,other,2,3,False,False,True,True,True,True,4,2,1,1,1,4,5,14,14,15,1.0
862,M,17,R,GT3,T,4,3,services,other,2,2,True,True,False,True,True,True,4,5,5,1,3,2,4,10,11,11,1.5714285714285714
863,F,18,R,LE3,A,1,2,at_home,other,3,2,False,False,True,True,False,True,4,3,4,1,4,5,0,16,15,15,1.8571428571428572
864,F,17,U,LE3,T,4,4,at_home,at_home,1,2,False,True,True,True,True,True,2,3,4,1,1,1,4,15,14,15,1.0
865,M,18,U,LE3,T,4,4,teacher,services,2,3,False,False,True,True,True,True,4,2,2,2,2,5,0,15,16,16,2.0
866,F,17,R,GT3,T,1,1,other,services,3,1,False,False,True,True,True,True,5,2,1,1,2,1,0,8,8,9,1.2857142857142858
867,F,18,U,GT3,T,2,3,at_home,services,2,1,False,False,True,True,True,True,5,2,3,1,2,4,0,10,10,10,1.2857142857142858
868,F,18,R,GT3,T,4,4,other,teacher,3,2,False,False,False,True,True,True,3,2,2,4,2,5,0,7,5,0,3.4285714285714284
869,M,18,R,LE3,T,1,2,at_home,services,3,1,False,True,True,False,True,True,4,3,3,2,3,3,3,9,10,10,2.2857142857142856
870,F,19,R,GT3,T,1,1,at_home,other,2,2,False,False,True,True,True,True,4,3,3,1,1,3,4,7,8,9,1.0
871,F,18,R,LE3,T,4,4,teacher,services,1,2,False,True,True,True,True,False,5,4,3,3,4,2,1,13,14,14,3.2857142857142856
872,F,18,U,GT3,T,3,3,other,other,1,2,False,False,True,True,True,True,4,1,3,1,2,1,1,16,16,16,1.2857142857142858
873,F,17,R,GT3,T,3,1,at_home,other,1,2,False,True,False,True,True,False,4,5,4,2,3,1,10,8,9,9,2.2857142857142856
874,M,18,U,GT3,T,4,4,teacher,teacher,1,2,False,True,False,True,True,False,3,2,4,1,4,2,4,17,18,19,1.8571428571428572
875,F,18,R,GT3,T,2,2,at_home,other,2,3,False,False,True,True,False,False,5,3,3,1,3,4,0,14,17,15,1.5714285714285714
876,F,17,U,GT3,T,4,3,teacher,other,2,2,False,False,True,True,True,False,5,5,4,1,1,1,0,6,9,11,1.0
877,F,18,R,GT3,T,4,4,teacher,at_home,3,1,False,True,True,True,True,True,4,4,3,2,2,5,4,7,9,10,2.0
878,F,18,U,LE3,T,3,1,teacher,services,1,2,False,False,True,True,True,False,4,3,4,1,1,1,4,15,15,16,1.0
879,F,18,U,GT3,T,1,1,other,other,2,2,False,True,True,True,False,False,1,1,1,1,1,5,6,11,12,9,1.0
